{"stats":{"minecraft:broken":{"minecraft:stone_shovel":2,"minecraft:stone_axe":1,"minecraft:iron_pickaxe":23,"minecraft:stone_pickaxe":1},"minecraft:killed":{"minecraft:zombie":23,"minecraft:skeleton":8,"minecraft:creeper":4,"minecraft:chicken":5,"minecraft:enderman":2,"minecraft:sheep":20,"minecraft:iron_golem":2,"minecraft:pig":22,"minecraft:drowned":2,"minecraft:piglin":1,"minecraft:spider":5},"minecraft:custom":{"minecraft:time_since_rest":35853,"minecraft:talked_to_villager":3,"minecraft:leave_game":18,"minecraft:damage_taken":7095,"minecraft:mob_kills":96,"minecraft:boat_one_cm":339950,"minecraft:time_since_death":35820,"minecraft:interact_with_brewingstand":1,"minecraft:interact_with_furnace":102,"minecraft:sleep_in_bed":19,"minecraft:swim_one_cm":113745,"minecraft:total_world_time":612884,"minecraft:crouch_one_cm":100716,"minecraft:deaths":8,"minecraft:climb_one_cm":57034,"minecraft:damage_blocked_by_shield":3762,"minecraft:interact_with_crafting_table":143,"minecraft:walk_one_cm":1243150,"minecraft:walk_under_water_one_cm":121973,"minecraft:damage_dealt":15580,"minecraft:play_time":612884,"minecraft:jump":4112,"minecraft:drop":112,"minecraft:bell_ring":2,"minecraft:sprint_one_cm":1221029,"minecraft:open_chest":266,"minecraft:fall_one_cm":79000,"minecraft:fly_one_cm":554603,"minecraft:walk_on_water_one_cm":103921,"minecraft:sneak_time":107295,"minecraft:interact_with_grindstone":5},"minecraft:mined":{"minecraft:torch":9,"minecraft:redstone_ore":4,"minecraft:nether_quartz_ore":67,"minecraft:chest":8,"minecraft:vine":1,"minecraft:netherrack":99,"minecraft:oak_slab":6,"minecraft:sunflower":1,"minecraft:gravel":28,"minecraft:short_grass":136,"minecraft:oak_button":3,"minecraft:dirt_path":8,"minecraft:crafting_table":7,"minecraft:birch_log":31,"minecraft:deepslate_redstone_ore":10,"minecraft:mossy_stone_brick_slab":3,"minecraft:stripped_oak_log":44,"minecraft:magma_block":7,"minecraft:obsidian":10,"minecraft:grindstone":2,"minecraft:birch_leaves":1,"minecraft:andesite":6,"minecraft:oak_fence":8,"minecraft:glowstone":1,"minecraft:deepslate_gold_ore":19,"minecraft:bamboo":84,"minecraft:wall_torch":9,"minecraft:fern":1,"minecraft:fire":1,"minecraft:stone_brick_stairs":2,"minecraft:kelp_plant":1,"minecraft:deepslate_lapis_ore":15,"minecraft:deepslate_diamond_ore":10,"minecraft:mangrove_propagule":1,"minecraft:yellow_wool":3,"minecraft:stone":300,"minecraft:stone_bricks":4,"minecraft:granite":6,"minecraft:coal_ore":18,"minecraft:diorite":26,"minecraft:oak_planks":19,"minecraft:cobblestone":5816,"minecraft:hay_block":25,"minecraft:sugar_cane":85,"minecraft:oak_trapdoor":1,"minecraft:white_bed":5,"minecraft:kelp":2,"minecraft:oak_wall_sign":1,"minecraft:oak_leaves":24,"minecraft:scaffolding":2,"minecraft:deepslate_coal_ore":4,"minecraft:tall_grass":23,"minecraft:mossy_stone_bricks":1,"minecraft:oak_stairs":2,"minecraft:dirt":156,"minecraft:mossy_cobblestone":1,"minecraft:hopper":12,"minecraft:grass_block":258,"minecraft:cobbled_deepslate":4,"minecraft:white_wool":3,"minecraft:tuff":72,"minecraft:ladder":19,"minecraft:deepslate":432,"minecraft:seagrass":2,"minecraft:cobblestone_slab":21,"minecraft:oak_log":236,"minecraft:oak_door":1},"minecraft:picked_up":{"minecraft:cobblestone":1646,"minecraft:mossy_stone_brick_slab":2,"minecraft:flint":1,"minecraft:sugar_cane":161,"minecraft:bone":10,"minecraft:redstone":60,"minecraft:diamond":10,"minecraft:iron_sword":2,"minecraft:granite":7,"minecraft:charcoal":21,"minecraft:bow":1,"minecraft:stone_shovel":1,"minecraft:arrow":21,"minecraft:iron_ingot":175,"minecraft:hay_block":24,"minecraft:raw_gold":19,"minecraft:dandelion":1,"minecraft:mutton":29,"minecraft:iron_chestplate":7,"minecraft:dirt":703,"minecraft:brown_wool":1,"minecraft:iron_shovel":1,"minecraft:torch":281,"minecraft:diamond_pickaxe":3,"minecraft:bread":19,"minecraft:iron_boots":12,"minecraft:oak_stairs":2,"minecraft:coal":21,"minecraft:oak_log":263,"minecraft:oak_fence":8,"minecraft:wheat_seeds":37,"minecraft:oak_door":2,"minecraft:iron_pickaxe":2,"minecraft:quartz":65,"minecraft:egg":3,"minecraft:iron_leggings":5,"minecraft:hopper":12,"minecraft:poppy":140,"minecraft:sunflower":1,"minecraft:feather":5,"minecraft:white_wool":34,"minecraft:mangrove_propagule":1,"minecraft:oak_button":53,"minecraft:andesite":9,"minecraft:oak_sign":1,"minecraft:ender_pearl":2,"minecraft:string":7,"minecraft:stone_bricks":2,"minecraft:obsidian":10,"minecraft:leather_boots":1,"minecraft:ladder":143,"minecraft:iron_helmet":6,"minecraft:white_bed":5,"minecraft:stripped_oak_log":44,"minecraft:bucket":1,"minecraft:water_bucket":2,"minecraft:stone_pickaxe":4,"minecraft:gold_ingot":2,"minecraft:baked_potato":62,"minecraft:scaffolding":8,"minecraft:porkchop":45,"minecraft:stick":13,"minecraft:oak_trapdoor":1,"minecraft:bamboo":981,"minecraft:black_wool":1,"minecraft:chicken":5,"minecraft:cooked_porkchop":18,"minecraft:iron_axe":8,"minecraft:grindstone":2,"minecraft:kelp":8,"minecraft:cobbled_deepslate":431,"minecraft:stone_axe":3,"minecraft:mossy_cobblestone":1,"minecraft:leather_helmet":1,"minecraft:gunpowder":4,"minecraft:chest":8,"minecraft:netherrack":90,"minecraft:magma_block":7,"minecraft:gravel":29,"minecraft:light_gray_wool":2,"minecraft:tuff":75,"minecraft:grass_block":1,"minecraft:birch_log":30,"minecraft:shield":6,"minecraft:lapis_lazuli":106,"minecraft:spider_eye":1,"minecraft:diorite":39,"minecraft:wooden_pickaxe":1,"minecraft:oak_boat":7,"minecraft:oak_planks":171,"minecraft:crafting_table":8,"minecraft:oak_sapling":6,"minecraft:rotten_flesh":33,"minecraft:apple":1,"minecraft:cobblestone_slab":15,"minecraft:yellow_wool":2,"minecraft:oak_slab":8,"minecraft:gray_wool":1},"minecraft:killed_by":{"minecraft:skeleton":1,"minecraft:creeper":1,"minecraft:drowned":1,"minecraft:zombie":2},"minecraft:dropped":{"minecraft:oak_button":17,"minecraft:rotten_flesh":17,"minecraft:stone_shovel":1,"minecraft:iron_axe":4,"minecraft:cobblestone":84,"minecraft:andesite":1,"minecraft:leather_boots":1,"minecraft:torch":31,"minecraft:mossy_stone_brick_slab":2,"minecraft:cobbled_deepslate":4,"minecraft:white_wool":6,"minecraft:dirt":3,"minecraft:poppy":140,"minecraft:iron_ingot":2,"minecraft:sunflower":1,"minecraft:stone_pickaxe":4,"minecraft:water_bucket":1,"minecraft:stone_bricks":2,"minecraft:hay_block":9,"minecraft:wooden_pickaxe":1,"minecraft:iron_sword":1,"minecraft:oak_slab":2,"minecraft:bread":1,"minecraft:stone_axe":3,"minecraft:iron_boots":2,"minecraft:iron_pickaxe":1,"minecraft:oak_door":2,"minecraft:cooked_porkchop":5,"minecraft:leather_helmet":1},"minecraft:crafted":{"minecraft:stone_shovel":3,"minecraft:cooked_chicken":4,"minecraft:birch_planks":20,"minecraft:hopper":14,"minecraft:stone_pickaxe":4,"minecraft:cooked_mutton":23,"minecraft:iron_chestplate":3,"minecraft:iron_boots":2,"minecraft:stick":640,"minecraft:charcoal":71,"minecraft:wooden_pickaxe":1,"minecraft:oak_door":3,"minecraft:oak_slab":6,"minecraft:oak_fence":63,"minecraft:cooked_porkchop":38,"minecraft:iron_helmet":3,"minecraft:diamond_pickaxe":1,"minecraft:chest":34,"minecraft:bamboo_block":96,"minecraft:air":0,"minecraft:wheat":135,"minecraft:bucket":5,"minecraft:flint_and_steel":1,"minecraft:furnace":1,"minecraft:oak_boat":4,"minecraft:ladder":180,"minecraft:iron_ingot":315,"minecraft:bread":45,"minecraft:scaffolding":36,"minecraft:oak_sign":6,"minecraft:cobblestone_slab":618,"minecraft:crafting_table":7,"minecraft:torch":336,"minecraft:white_bed":4,"minecraft:oak_button":28,"minecraft:baked_potato":84,"minecraft:oak_trapdoor":4,"minecraft:shield":4,"minecraft:stone_axe":4,"minecraft:oak_planks":788,"minecraft:iron_pickaxe":25,"minecraft:iron_shovel":1,"minecraft:bamboo_planks":8,"minecraft:iron_sword":2,"minecraft:iron_axe":6,"minecraft:iron_leggings":3},"minecraft:used":{"minecraft:stone_axe":253,"minecraft:oak_trapdoor":4,"minecraft:oak_fence":24,"minecraft:iron_axe":483,"minecraft:shield":51,"minecraft:kelp":3,"minecraft:iron_pickaxe":6056,"minecraft:andesite":6,"minecraft:bamboo":79,"minecraft:oak_boat":12,"minecraft:iron_sword":61,"minecraft:diamond_pickaxe":607,"minecraft:cooked_mutton":22,"minecraft:oak_sign":6,"minecraft:ladder":99,"minecraft:cooked_porkchop":20,"minecraft:granite":1,"minecraft:magma_block":4,"minecraft:iron_shovel":81,"minecraft:lava_bucket":17,"minecraft:diorite":14,"minecraft:oak_slab":10,"minecraft:wooden_pickaxe":30,"minecraft:cobblestone":1102,"minecraft:hopper":26,"minecraft:grindstone":2,"minecraft:crafting_table":14,"minecraft:iron_chestplate":2,"minecraft:white_bed":9,"minecraft:stone_pickaxe":322,"minecraft:oak_door":2,"minecraft:baked_potato":36,"minecraft:iron_leggings":2,"minecraft:cobbled_deepslate":29,"minecraft:apple":1,"minecraft:scaffolding":44,"minecraft:mossy_cobblestone":1,"minecraft:stone_shovel":345,"minecraft:rotten_flesh":2,"minecraft:water_bucket":50,"minecraft:furnace":1,"minecraft:bread":23,"minecraft:torch":244,"minecraft:dirt":135,"minecraft:iron_boots":4,"minecraft:obsidian":10,"minecraft:oak_button":42,"minecraft:cobblestone_slab":572,"minecraft:gravel":14,"minecraft:flint_and_steel":1,"minecraft:bucket":71,"minecraft:chest":27,"minecraft:mangrove_propagule":1,"minecraft:iron_helmet":2,"minecraft:oak_planks":5,"minecraft:oak_sapling":4,"minecraft:egg":1,"minecraft:sugar_cane":159}},"DataVersion":4435}