{"stats":{"minecraft:broken":{"minecraft:iron_axe":1,"minecraft:iron_hoe":2,"minecraft:shield":1,"minecraft:iron_shovel":5,"minecraft:stone_axe":1,"minecraft:iron_pickaxe":20,"minecraft:stone_pickaxe":1},"minecraft:killed":{"minecraft:zombified_piglin":1,"minecraft:skeleton":6,"minecraft:iron_golem":3,"minecraft:pig":3,"minecraft:piglin":10,"minecraft:villager":1,"minecraft:spider":5,"minecraft:zombie":6,"minecraft:creeper":3,"minecraft:chicken":2,"minecraft:enderman":8,"minecraft:hoglin":1,"minecraft:sheep":14,"minecraft:ghast":2},"minecraft:custom":{"minecraft:time_since_rest":109218,"minecraft:talked_to_villager":1,"minecraft:leave_game":18,"minecraft:damage_taken":9177,"minecraft:mob_kills":66,"minecraft:boat_one_cm":78796,"minecraft:time_since_death":109191,"minecraft:interact_with_furnace":89,"minecraft:sleep_in_bed":27,"minecraft:swim_one_cm":249702,"minecraft:total_world_time":1264020,"minecraft:crouch_one_cm":197285,"minecraft:climb_one_cm":100628,"minecraft:deaths":9,"minecraft:animals_bred":21,"minecraft:damage_blocked_by_shield":5205,"minecraft:interact_with_crafting_table":81,"minecraft:walk_one_cm":985691,"minecraft:walk_under_water_one_cm":135014,"minecraft:horse_one_cm":1199,"minecraft:damage_dealt":12123,"minecraft:play_time":1264020,"minecraft:jump":8564,"minecraft:drop":86,"minecraft:sprint_one_cm":1392548,"minecraft:open_chest":449,"minecraft:inspect_hopper":3,"minecraft:fall_one_cm":212793,"minecraft:fly_one_cm":1648108,"minecraft:walk_on_water_one_cm":91608,"minecraft:sneak_time":54821,"minecraft:interact_with_grindstone":1},"minecraft:mined":{"minecraft:torch":20,"minecraft:mangrove_roots":17,"minecraft:vine":8,"minecraft:nether_quartz_ore":82,"minecraft:chest":2,"minecraft:netherrack":473,"minecraft:white_terracotta":62,"minecraft:oak_slab":17,"minecraft:carrots":187,"minecraft:warped_planks":20,"minecraft:gravel":1,"minecraft:short_grass":320,"minecraft:oak_button":4,"minecraft:brown_mushroom":27,"minecraft:crafter":1,"minecraft:dirt_path":213,"minecraft:crafting_table":4,"minecraft:birch_log":7,"minecraft:deepslate_redstone_ore":27,"minecraft:stripped_oak_log":52,"minecraft:magma_block":9,"minecraft:obsidian":1,"minecraft:farmland":2,"minecraft:copper_ore":1,"minecraft:grindstone":1,"minecraft:smooth_stone":1,"minecraft:deepslate_bricks":1,"minecraft:andesite":11,"minecraft:oak_fence":9,"minecraft:deepslate_gold_ore":32,"minecraft:gold_block":1,"minecraft:wall_torch":5,"minecraft:yellow_bed":2,"minecraft:fire":122,"minecraft:kelp_plant":45,"minecraft:deepslate_diamond_ore":9,"minecraft:deepslate_lapis_ore":23,"minecraft:deepslate_iron_ore":63,"minecraft:potatoes":291,"minecraft:warped_stem":41,"minecraft:iron_ore":26,"minecraft:stone":57,"minecraft:beetroots":1,"minecraft:glass_pane":16,"minecraft:granite":5,"minecraft:cobblestone_stairs":5,"minecraft:bush":2,"minecraft:dandelion":2,"minecraft:crimson_stem":7,"minecraft:coal_ore":95,"minecraft:diorite":16,"minecraft:wheat":410,"minecraft:oak_planks":352,"minecraft:cobblestone":5872,"minecraft:sugar_cane":223,"minecraft:oak_trapdoor":12,"minecraft:white_bed":4,"minecraft:kelp":2,"minecraft:mangrove_leaves":257,"minecraft:shroomlight":1,"minecraft:scaffolding":2,"minecraft:oak_leaves":4,"minecraft:brewing_stand":2,"minecraft:soul_sand":85,"minecraft:crimson_nylium":3,"minecraft:soul_soil":84,"minecraft:tall_grass":12,"minecraft:tall_seagrass":1,"minecraft:oak_stairs":219,"minecraft:cobblestone_wall":2,"minecraft:mossy_cobblestone":26,"minecraft:dirt":264,"minecraft:mangrove_log":29,"minecraft:grass_block":840,"minecraft:water_cauldron":4,"minecraft:soul_fire":3,"minecraft:cobbled_deepslate":22,"minecraft:tuff":2,"minecraft:deepslate":128,"minecraft:cobblestone_slab":150,"minecraft:seagrass":2,"minecraft:oak_pressure_plate":2,"minecraft:oak_log":105,"minecraft:lapis_ore":7,"minecraft:oak_door":2},"minecraft:picked_up":{"minecraft:cobblestone_wall":2,"minecraft:poisonous_potato":3,"minecraft:brewing_stand":2,"minecraft:cobblestone":631,"minecraft:sugar_cane":454,"minecraft:redstone":124,"minecraft:bone":8,"minecraft:cooked_mutton":18,"minecraft:iron_sword":4,"minecraft:diamond":9,"minecraft:granite":6,"minecraft:white_terracotta":62,"minecraft:shroomlight":1,"minecraft:charcoal":45,"minecraft:gold_block":1,"minecraft:stone_shovel":1,"minecraft:arrow":7,"minecraft:iron_ingot":148,"minecraft:hay_block":20,"minecraft:raw_gold":32,"minecraft:stone_sword":1,"minecraft:dandelion":4,"minecraft:deepslate_bricks":1,"minecraft:mutton":20,"minecraft:iron_chestplate":3,"minecraft:beetroot":1,"minecraft:dirt":1212,"minecraft:iron_shovel":8,"minecraft:crimson_stem":7,"minecraft:azure_bluet":1,"minecraft:torch":164,"minecraft:diamond_pickaxe":1,"minecraft:cobblestone_stairs":5,"minecraft:iron_boots":9,"minecraft:oxeye_daisy":2,"minecraft:oak_stairs":217,"minecraft:coal":95,"minecraft:oak_log":124,"minecraft:oak_fence":8,"minecraft:oak_door":7,"minecraft:wheat_seeds":1160,"minecraft:iron_pickaxe":5,"minecraft:leather_leggings":1,"minecraft:quartz":82,"minecraft:egg":27,"minecraft:iron_leggings":3,"minecraft:poppy":7,"minecraft:white_wool":14,"minecraft:feather":2,"minecraft:mangrove_propagule":2,"minecraft:warped_nylium":2,"minecraft:oak_button":4,"minecraft:andesite":11,"minecraft:warped_planks":20,"minecraft:beetroot_seeds":2,"minecraft:ender_pearl":5,"minecraft:string":8,"minecraft:golden_sword":1,"minecraft:obsidian":1,"minecraft:cornflower":1,"minecraft:iron_helmet":3,"minecraft:soul_sand":103,"minecraft:carrot":658,"minecraft:mangrove_roots":16,"minecraft:soul_soil":82,"minecraft:mangrove_log":29,"minecraft:white_bed":4,"minecraft:stripped_oak_log":68,"minecraft:leather":1,"minecraft:brown_mushroom":27,"minecraft:water_bucket":3,"minecraft:stone_pickaxe":1,"minecraft:moss_carpet":1,"minecraft:scaffolding":14,"minecraft:porkchop":9,"minecraft:oak_pressure_plate":2,"minecraft:oak_trapdoor":12,"minecraft:stick":25,"minecraft:bamboo":291,"minecraft:chicken":2,"minecraft:cooked_porkchop":5,"minecraft:iron_axe":7,"minecraft:cauldron":4,"minecraft:kelp":1377,"minecraft:grindstone":1,"minecraft:raw_iron":89,"minecraft:cobbled_deepslate":176,"minecraft:stone_axe":1,"minecraft:mossy_cobblestone":26,"minecraft:wheat":411,"minecraft:gunpowder":14,"minecraft:chest":2,"minecraft:yellow_bed":2,"minecraft:netherrack":459,"minecraft:magma_block":29,"minecraft:gravel":3,"minecraft:smooth_stone":1,"minecraft:tuff":4,"minecraft:potato":1090,"minecraft:birch_log":14,"minecraft:shield":4,"minecraft:lapis_lazuli":197,"minecraft:spider_eye":3,"minecraft:diorite":31,"minecraft:oak_boat":9,"minecraft:oak_planks":354,"minecraft:flint_and_steel":1,"minecraft:crafting_table":5,"minecraft:raw_copper":4,"minecraft:oak_sapling":4,"minecraft:warped_stem":115,"minecraft:rotten_flesh":10,"minecraft:apple":1,"minecraft:cobblestone_slab":37,"minecraft:crafter":1,"minecraft:oak_slab":15},"minecraft:killed_by":{"minecraft:creeper":1,"minecraft:enderman":2,"minecraft:piglin":1,"minecraft:iron_golem":2},"minecraft:dropped":{"minecraft:rotten_flesh":9,"minecraft:stone_shovel":1,"minecraft:iron_axe":2,"minecraft:iron_shovel":2,"minecraft:iron_helmet":1,"minecraft:oak_planks":4,"minecraft:andesite":5,"minecraft:iron_chestplate":1,"minecraft:stone_sword":1,"minecraft:mossy_cobblestone":4,"minecraft:leather_leggings":1,"minecraft:cobblestone_stairs":5,"minecraft:oak_boat":4,"minecraft:oxeye_daisy":1,"minecraft:bone":2,"minecraft:dirt":4,"minecraft:egg":1,"minecraft:poppy":519,"minecraft:iron_hoe":1,"minecraft:smooth_stone":1,"minecraft:wheat_seeds":78,"minecraft:oak_pressure_plate":1,"minecraft:shield":1,"minecraft:mangrove_planks":3,"minecraft:azure_bluet":1,"minecraft:cobblestone_wall":2,"minecraft:poisonous_potato":3,"minecraft:cornflower":1,"minecraft:oak_log":8,"minecraft:tuff":4,"minecraft:dandelion":3,"minecraft:iron_leggings":1,"minecraft:oak_sign":2,"minecraft:stick":4,"minecraft:oak_slab":9,"minecraft:arrow":2,"minecraft:stone_axe":1,"minecraft:iron_boots":4,"minecraft:iron_pickaxe":2,"minecraft:diorite":2,"minecraft:warped_planks":4},"minecraft:crafted":{"minecraft:stone_sword":1,"minecraft:gold_ingot":40,"minecraft:warped_planks":92,"minecraft:iron_chestplate":5,"minecraft:stick":296,"minecraft:deepslate_bricks":4,"minecraft:cooked_porkchop":13,"minecraft:iron_helmet":4,"minecraft:iron_block":313,"minecraft:diamond_pickaxe":1,"minecraft:chest":22,"minecraft:warped_sign":9,"minecraft:air":0,"minecraft:bucket":18,"minecraft:oak_boat":4,"minecraft:crafter":1,"minecraft:oak_sign":15,"minecraft:cobblestone_slab":384,"minecraft:mangrove_planks":116,"minecraft:iron_hoe":6,"minecraft:mangrove_boat":1,"minecraft:oak_button":85,"minecraft:oak_planks":280,"minecraft:iron_shovel":9,"minecraft:iron_sword":3,"minecraft:polished_deepslate":4,"minecraft:stone_shovel":1,"minecraft:cooked_chicken":3,"minecraft:birch_planks":28,"minecraft:hopper":12,"minecraft:stone_pickaxe":1,"minecraft:cooked_mutton":26,"minecraft:iron_boots":3,"minecraft:charcoal":64,"minecraft:wooden_pickaxe":1,"minecraft:oak_fence_gate":16,"minecraft:oak_slab":18,"minecraft:wheat":90,"minecraft:furnace":2,"minecraft:iron_ingot":423,"minecraft:bread":35,"minecraft:crafting_table":7,"minecraft:torch":296,"minecraft:baked_potato":108,"minecraft:birch_slab":6,"minecraft:shield":3,"minecraft:stone_axe":2,"minecraft:dropper":1,"minecraft:iron_pickaxe":32,"minecraft:iron_axe":6,"minecraft:iron_leggings":4},"minecraft:used":{"minecraft:stone_axe":198,"minecraft:oak_fence":50,"minecraft:iron_axe":728,"minecraft:shield":74,"minecraft:kelp":137,"minecraft:birch_slab":6,"minecraft:iron_pickaxe":5636,"minecraft:andesite":6,"minecraft:mangrove_boat":1,"minecraft:potato":796,"minecraft:oak_boat":4,"minecraft:iron_sword":182,"minecraft:wheat_seeds":587,"minecraft:deepslate_bricks":4,"minecraft:diamond_pickaxe":1475,"minecraft:cooked_mutton":25,"minecraft:oak_sign":13,"minecraft:cooked_porkchop":17,"minecraft:granite":6,"minecraft:iron_shovel":1510,"minecraft:stone_sword":48,"minecraft:oxeye_daisy":1,"minecraft:diorite":10,"minecraft:oak_slab":23,"minecraft:wooden_pickaxe":19,"minecraft:crafter":2,"minecraft:cobblestone":1467,"minecraft:hopper":12,"minecraft:grindstone":1,"minecraft:carrot":419,"minecraft:crafting_table":8,"minecraft:poppy":1,"minecraft:oak_pressure_plate":1,"minecraft:oak_fence_gate":8,"minecraft:dandelion":2,"minecraft:white_bed":3,"minecraft:stone_pickaxe":131,"minecraft:oak_door":2,"minecraft:baked_potato":28,"minecraft:cobbled_deepslate":90,"minecraft:netherrack":304,"minecraft:mangrove_roots":8,"minecraft:scaffolding":9,"minecraft:moss_carpet":1,"minecraft:soul_soil":30,"minecraft:stone_shovel":5,"minecraft:birch_planks":6,"minecraft:iron_hoe":748,"minecraft:rotten_flesh":1,"minecraft:water_bucket":105,"minecraft:soul_sand":1,"minecraft:furnace":2,"minecraft:warped_planks":28,"minecraft:torch":299,"minecraft:bread":57,"minecraft:dirt":626,"minecraft:iron_boots":1,"minecraft:oak_button":84,"minecraft:cobblestone_slab":208,"minecraft:gravel":1,"minecraft:cooked_chicken":3,"minecraft:oak_stairs":1,"minecraft:bucket":120,"minecraft:chest":12,"minecraft:mangrove_propagule":2,"minecraft:oak_planks":42,"minecraft:porkchop":1,"minecraft:warped_sign":5,"minecraft:egg":26,"minecraft:sugar_cane":22}},"DataVersion":4435}