{"stats":{"minecraft:broken":{"minecraft:stone_shovel":2,"minecraft:stone_axe":1,"minecraft:iron_pickaxe":22,"minecraft:stone_pickaxe":1},"minecraft:killed":{"minecraft:zombie":5,"minecraft:creeper":3,"minecraft:chicken":5,"minecraft:enderman":2,"minecraft:sheep":20,"minecraft:iron_golem":2,"minecraft:pig":22,"minecraft:piglin":1,"minecraft:spider":3},"minecraft:custom":{"minecraft:time_since_rest":37011,"minecraft:talked_to_villager":3,"minecraft:leave_game":10,"minecraft:damage_taken":4292,"minecraft:mob_kills":64,"minecraft:boat_one_cm":339950,"minecraft:time_since_death":418464,"minecraft:interact_with_brewingstand":1,"minecraft:interact_with_furnace":60,"minecraft:sleep_in_bed":17,"minecraft:swim_one_cm":112722,"minecraft:total_world_time":514921,"minecraft:crouch_one_cm":99546,"minecraft:deaths":4,"minecraft:climb_one_cm":33423,"minecraft:damage_blocked_by_shield":450,"minecraft:interact_with_crafting_table":105,"minecraft:walk_one_cm":935064,"minecraft:walk_under_water_one_cm":83645,"minecraft:damage_dealt":9732,"minecraft:play_time":514921,"minecraft:jump":3292,"minecraft:drop":102,"minecraft:bell_ring":2,"minecraft:sprint_one_cm":985724,"minecraft:open_chest":182,"minecraft:fall_one_cm":58951,"minecraft:fly_one_cm":479592,"minecraft:walk_on_water_one_cm":88730,"minecraft:sneak_time":105430,"minecraft:interact_with_grindstone":5},"minecraft:mined":{"minecraft:torch":5,"minecraft:redstone_ore":4,"minecraft:nether_quartz_ore":67,"minecraft:chest":4,"minecraft:vine":1,"minecraft:netherrack":99,"minecraft:oak_slab":6,"minecraft:sunflower":1,"minecraft:gravel":14,"minecraft:short_grass":121,"minecraft:oak_button":3,"minecraft:dirt_path":7,"minecraft:crafting_table":5,"minecraft:mossy_stone_brick_slab":3,"minecraft:stripped_oak_log":12,"minecraft:magma_block":7,"minecraft:obsidian":10,"minecraft:grindstone":2,"minecraft:andesite":6,"minecraft:oak_fence":8,"minecraft:glowstone":1,"minecraft:bamboo":26,"minecraft:wall_torch":3,"minecraft:fern":1,"minecraft:fire":1,"minecraft:stone_brick_stairs":2,"minecraft:kelp_plant":1,"minecraft:mangrove_propagule":1,"minecraft:yellow_wool":3,"minecraft:stone":260,"minecraft:stone_bricks":4,"minecraft:granite":1,"minecraft:coal_ore":18,"minecraft:diorite":14,"minecraft:oak_planks":19,"minecraft:cobblestone":5796,"minecraft:hay_block":25,"minecraft:sugar_cane":85,"minecraft:oak_trapdoor":1,"minecraft:white_bed":5,"minecraft:kelp":2,"minecraft:oak_wall_sign":1,"minecraft:oak_leaves":9,"minecraft:scaffolding":2,"minecraft:tall_grass":23,"minecraft:mossy_stone_bricks":1,"minecraft:oak_stairs":2,"minecraft:dirt":151,"minecraft:mossy_cobblestone":1,"minecraft:hopper":12,"minecraft:grass_block":256,"minecraft:white_wool":3,"minecraft:ladder":1,"minecraft:seagrass":2,"minecraft:cobblestone_slab":21,"minecraft:oak_log":90,"minecraft:oak_door":1},"minecraft:picked_up":{"minecraft:cobblestone":1389,"minecraft:mossy_stone_brick_slab":2,"minecraft:flint":1,"minecraft:white_bed":5,"minecraft:stripped_oak_log":12,"minecraft:bucket":1,"minecraft:sugar_cane":161,"minecraft:redstone":17,"minecraft:water_bucket":1,"minecraft:stone_pickaxe":4,"minecraft:gold_ingot":2,"minecraft:granite":2,"minecraft:scaffolding":8,"minecraft:porkchop":45,"minecraft:stick":10,"minecraft:oak_trapdoor":1,"minecraft:bamboo":243,"minecraft:black_wool":1,"minecraft:chicken":5,"minecraft:cooked_porkchop":18,"minecraft:stone_shovel":1,"minecraft:iron_axe":1,"minecraft:iron_ingot":20,"minecraft:grindstone":2,"minecraft:kelp":8,"minecraft:hay_block":24,"minecraft:stone_axe":3,"minecraft:mossy_cobblestone":1,"minecraft:dandelion":1,"minecraft:mutton":29,"minecraft:gunpowder":4,"minecraft:chest":4,"minecraft:netherrack":90,"minecraft:dirt":695,"minecraft:brown_wool":1,"minecraft:magma_block":7,"minecraft:gravel":14,"minecraft:light_gray_wool":1,"minecraft:torch":121,"minecraft:bread":19,"minecraft:iron_boots":5,"minecraft:oak_stairs":2,"minecraft:coal":18,"minecraft:oak_log":90,"minecraft:oak_fence":8,"minecraft:grass_block":1,"minecraft:wheat_seeds":33,"minecraft:oak_door":2,"minecraft:iron_pickaxe":1,"minecraft:spider_eye":1,"minecraft:quartz":65,"minecraft:egg":3,"minecraft:hopper":12,"minecraft:diorite":27,"minecraft:wooden_pickaxe":1,"minecraft:poppy":140,"minecraft:oak_boat":7,"minecraft:sunflower":1,"minecraft:feather":5,"minecraft:white_wool":34,"minecraft:mangrove_propagule":1,"minecraft:oak_planks":51,"minecraft:crafting_table":5,"minecraft:oak_sapling":3,"minecraft:oak_button":53,"minecraft:andesite":9,"minecraft:rotten_flesh":4,"minecraft:oak_sign":1,"minecraft:apple":1,"minecraft:cobblestone_slab":14,"minecraft:ender_pearl":2,"minecraft:string":5,"minecraft:yellow_wool":2,"minecraft:stone_bricks":2,"minecraft:obsidian":10,"minecraft:oak_slab":8,"minecraft:ladder":3,"minecraft:gray_wool":1},"minecraft:killed_by":{"minecraft:skeleton":1,"minecraft:creeper":1},"minecraft:dropped":{"minecraft:oak_button":17,"minecraft:rotten_flesh":2,"minecraft:stone_shovel":1,"minecraft:iron_axe":1,"minecraft:cobblestone":84,"minecraft:andesite":1,"minecraft:water_bucket":1,"minecraft:torch":31,"minecraft:stone_bricks":2,"minecraft:mossy_stone_brick_slab":2,"minecraft:hay_block":9,"minecraft:wooden_pickaxe":1,"minecraft:white_wool":6,"minecraft:dirt":3,"minecraft:oak_slab":2,"minecraft:poppy":140,"minecraft:sunflower":1,"minecraft:bread":1,"minecraft:stone_axe":3,"minecraft:iron_boots":2,"minecraft:iron_pickaxe":1,"minecraft:stone_pickaxe":4,"minecraft:oak_door":2,"minecraft:cooked_porkchop":5},"minecraft:crafted":{"minecraft:stone_shovel":3,"minecraft:hopper":14,"minecraft:stone_pickaxe":4,"minecraft:cooked_mutton":23,"minecraft:iron_chestplate":1,"minecraft:stick":200,"minecraft:charcoal":31,"minecraft:wooden_pickaxe":1,"minecraft:oak_door":3,"minecraft:oak_slab":6,"minecraft:oak_fence":63,"minecraft:cooked_porkchop":38,"minecraft:iron_helmet":1,"minecraft:diamond_pickaxe":1,"minecraft:chest":30,"minecraft:bamboo_block":14,"minecraft:air":0,"minecraft:wheat":135,"minecraft:bucket":3,"minecraft:flint_and_steel":1,"minecraft:furnace":1,"minecraft:oak_boat":4,"minecraft:ladder":12,"minecraft:iron_ingot":180,"minecraft:bread":45,"minecraft:scaffolding":36,"minecraft:oak_sign":6,"minecraft:cobblestone_slab":618,"minecraft:crafting_table":5,"minecraft:torch":204,"minecraft:white_bed":4,"minecraft:oak_button":28,"minecraft:oak_trapdoor":4,"minecraft:shield":2,"minecraft:stone_axe":4,"minecraft:oak_planks":356,"minecraft:iron_pickaxe":25,"minecraft:iron_shovel":1,"minecraft:bamboo_planks":4,"minecraft:iron_axe":1,"minecraft:iron_leggings":1},"minecraft:used":{"minecraft:stone_axe":253,"minecraft:oak_trapdoor":4,"minecraft:oak_fence":24,"minecraft:iron_axe":118,"minecraft:shield":6,"minecraft:kelp":3,"minecraft:iron_pickaxe":5805,"minecraft:andesite":6,"minecraft:bamboo":79,"minecraft:oak_boat":12,"minecraft:diamond_pickaxe":204,"minecraft:cooked_mutton":21,"minecraft:oak_sign":6,"minecraft:ladder":11,"minecraft:cooked_porkchop":19,"minecraft:granite":1,"minecraft:magma_block":4,"minecraft:iron_shovel":72,"minecraft:lava_bucket":17,"minecraft:diorite":2,"minecraft:oak_slab":10,"minecraft:wooden_pickaxe":30,"minecraft:cobblestone":1015,"minecraft:hopper":26,"minecraft:grindstone":2,"minecraft:crafting_table":11,"minecraft:white_bed":9,"minecraft:stone_pickaxe":322,"minecraft:oak_door":2,"minecraft:apple":1,"minecraft:scaffolding":44,"minecraft:mossy_cobblestone":1,"minecraft:stone_shovel":345,"minecraft:rotten_flesh":2,"minecraft:water_bucket":47,"minecraft:furnace":1,"minecraft:bread":23,"minecraft:torch":96,"minecraft:dirt":135,"minecraft:iron_boots":2,"minecraft:obsidian":10,"minecraft:oak_button":42,"minecraft:cobblestone_slab":572,"minecraft:gravel":14,"minecraft:flint_and_steel":1,"minecraft:bucket":66,"minecraft:chest":19,"minecraft:mangrove_propagule":1,"minecraft:oak_planks":4,"minecraft:oak_sapling":1,"minecraft:egg":1,"minecraft:sugar_cane":159}},"DataVersion":4435}