{"stats":{"minecraft:broken":{"minecraft:iron_axe":1,"minecraft:shield":1,"minecraft:iron_shovel":3,"minecraft:stone_axe":1,"minecraft:iron_pickaxe":13,"minecraft:stone_pickaxe":1},"minecraft:killed":{"minecraft:zombie":3,"minecraft:zombified_piglin":1,"minecraft:skeleton":6,"minecraft:creeper":3,"minecraft:chicken":1,"minecraft:enderman":8,"minecraft:sheep":14,"minecraft:iron_golem":3,"minecraft:pig":3,"minecraft:piglin":3,"minecraft:villager":1,"minecraft:spider":5},"minecraft:custom":{"minecraft:time_since_rest":26601,"minecraft:talked_to_villager":1,"minecraft:leave_game":7,"minecraft:damage_taken":6026,"minecraft:mob_kills":51,"minecraft:boat_one_cm":13791,"minecraft:time_since_death":26549,"minecraft:interact_with_furnace":61,"minecraft:sleep_in_bed":16,"minecraft:swim_one_cm":165478,"minecraft:total_world_time":650838,"minecraft:crouch_one_cm":33632,"minecraft:deaths":6,"minecraft:climb_one_cm":38196,"minecraft:damage_blocked_by_shield":3045,"minecraft:interact_with_crafting_table":50,"minecraft:walk_one_cm":426088,"minecraft:horse_one_cm":1199,"minecraft:walk_under_water_one_cm":44952,"minecraft:damage_dealt":9384,"minecraft:play_time":650838,"minecraft:jump":4934,"minecraft:drop":44,"minecraft:sprint_one_cm":693354,"minecraft:open_chest":263,"minecraft:fall_one_cm":126903,"minecraft:fly_one_cm":993500,"minecraft:walk_on_water_one_cm":38654,"minecraft:sneak_time":17725},"minecraft:mined":{"minecraft:torch":6,"minecraft:nether_quartz_ore":63,"minecraft:chest":1,"minecraft:vine":2,"minecraft:netherrack":60,"minecraft:white_terracotta":62,"minecraft:oak_slab":7,"minecraft:carrots":8,"minecraft:gravel":1,"minecraft:short_grass":124,"minecraft:oak_button":3,"minecraft:brown_mushroom":27,"minecraft:dirt_path":111,"minecraft:crafter":1,"minecraft:crafting_table":3,"minecraft:birch_log":7,"minecraft:deepslate_redstone_ore":27,"minecraft:stripped_oak_log":52,"minecraft:magma_block":9,"minecraft:obsidian":1,"minecraft:copper_ore":1,"minecraft:grindstone":1,"minecraft:andesite":7,"minecraft:oak_fence":2,"minecraft:deepslate_gold_ore":32,"minecraft:gold_block":1,"minecraft:wall_torch":3,"minecraft:yellow_bed":2,"minecraft:fire":51,"minecraft:kelp_plant":45,"minecraft:deepslate_lapis_ore":23,"minecraft:deepslate_diamond_ore":9,"minecraft:potatoes":5,"minecraft:deepslate_iron_ore":63,"minecraft:warped_stem":41,"minecraft:iron_ore":26,"minecraft:stone":57,"minecraft:beetroots":1,"minecraft:glass_pane":13,"minecraft:granite":5,"minecraft:cobblestone_stairs":1,"minecraft:bush":2,"minecraft:dandelion":1,"minecraft:coal_ore":95,"minecraft:wheat":9,"minecraft:diorite":16,"minecraft:oak_planks":278,"minecraft:cobblestone":4344,"minecraft:sugar_cane":170,"minecraft:oak_trapdoor":12,"minecraft:white_bed":4,"minecraft:kelp":1,"minecraft:shroomlight":1,"minecraft:oak_leaves":4,"minecraft:brewing_stand":2,"minecraft:soul_sand":67,"minecraft:soul_soil":33,"minecraft:tall_grass":6,"minecraft:tall_seagrass":1,"minecraft:oak_stairs":151,"minecraft:dirt":14,"minecraft:mossy_cobblestone":16,"minecraft:grass_block":675,"minecraft:cobbled_deepslate":22,"minecraft:tuff":2,"minecraft:deepslate":128,"minecraft:seagrass":2,"minecraft:oak_pressure_plate":1,"minecraft:oak_log":85,"minecraft:lapis_ore":7,"minecraft:oak_door":2},"minecraft:picked_up":{"minecraft:brewing_stand":2,"minecraft:cobblestone":328,"minecraft:sugar_cane":308,"minecraft:bone":8,"minecraft:redstone":124,"minecraft:cooked_mutton":18,"minecraft:diamond":9,"minecraft:iron_sword":4,"minecraft:granite":6,"minecraft:white_terracotta":62,"minecraft:shroomlight":1,"minecraft:charcoal":45,"minecraft:gold_block":1,"minecraft:stone_shovel":1,"minecraft:arrow":7,"minecraft:iron_ingot":148,"minecraft:hay_block":20,"minecraft:raw_gold":32,"minecraft:stone_sword":1,"minecraft:dandelion":3,"minecraft:mutton":20,"minecraft:iron_chestplate":3,"minecraft:beetroot":1,"minecraft:dirt":794,"minecraft:iron_shovel":7,"minecraft:torch":127,"minecraft:diamond_pickaxe":1,"minecraft:cobblestone_stairs":1,"minecraft:iron_boots":9,"minecraft:oxeye_daisy":2,"minecraft:oak_stairs":150,"minecraft:coal":95,"minecraft:oak_log":100,"minecraft:oak_fence":2,"minecraft:wheat_seeds":46,"minecraft:oak_door":6,"minecraft:iron_pickaxe":5,"minecraft:quartz":63,"minecraft:iron_leggings":3,"minecraft:poppy":7,"minecraft:feather":2,"minecraft:white_wool":14,"minecraft:warped_nylium":2,"minecraft:oak_button":3,"minecraft:andesite":7,"minecraft:beetroot_seeds":2,"minecraft:ender_pearl":5,"minecraft:string":8,"minecraft:obsidian":1,"minecraft:cornflower":1,"minecraft:iron_helmet":3,"minecraft:soul_sand":85,"minecraft:carrot":26,"minecraft:soul_soil":33,"minecraft:white_bed":4,"minecraft:stripped_oak_log":68,"minecraft:brown_mushroom":27,"minecraft:water_bucket":3,"minecraft:stone_pickaxe":1,"minecraft:porkchop":7,"minecraft:oak_pressure_plate":1,"minecraft:stick":15,"minecraft:oak_trapdoor":12,"minecraft:chicken":1,"minecraft:cooked_porkchop":5,"minecraft:iron_axe":7,"minecraft:grindstone":1,"minecraft:kelp":1377,"minecraft:raw_iron":89,"minecraft:cobbled_deepslate":176,"minecraft:stone_axe":1,"minecraft:mossy_cobblestone":16,"minecraft:wheat":10,"minecraft:gunpowder":12,"minecraft:chest":1,"minecraft:yellow_bed":2,"minecraft:netherrack":57,"minecraft:magma_block":29,"minecraft:gravel":3,"minecraft:tuff":4,"minecraft:potato":17,"minecraft:birch_log":14,"minecraft:shield":4,"minecraft:lapis_lazuli":197,"minecraft:spider_eye":3,"minecraft:diorite":31,"minecraft:oak_boat":9,"minecraft:oak_planks":280,"minecraft:flint_and_steel":1,"minecraft:crafting_table":4,"minecraft:raw_copper":4,"minecraft:oak_sapling":4,"minecraft:warped_stem":115,"minecraft:rotten_flesh":5,"minecraft:apple":1,"minecraft:crafter":1,"minecraft:oak_slab":6},"minecraft:killed_by":{"minecraft:creeper":1,"minecraft:enderman":2,"minecraft:iron_golem":2},"minecraft:dropped":{"minecraft:rotten_flesh":5,"minecraft:stone_shovel":1,"minecraft:oak_planks":1,"minecraft:andesite":1,"minecraft:stone_sword":1,"minecraft:cornflower":1,"minecraft:cobblestone_stairs":1,"minecraft:oak_boat":4,"minecraft:oxeye_daisy":1,"minecraft:tuff":4,"minecraft:dandelion":2,"minecraft:bone":2,"minecraft:dirt":4,"minecraft:poppy":439,"minecraft:arrow":2,"minecraft:wheat_seeds":12,"minecraft:stone_axe":1,"minecraft:iron_boots":3,"minecraft:iron_pickaxe":1,"minecraft:shield":1,"minecraft:diorite":2},"minecraft:crafted":{"minecraft:stone_sword":1,"minecraft:stone_shovel":1,"minecraft:gold_ingot":40,"minecraft:stone_pickaxe":1,"minecraft:warped_planks":92,"minecraft:cooked_mutton":20,"minecraft:iron_chestplate":1,"minecraft:stick":124,"minecraft:charcoal":64,"minecraft:wooden_pickaxe":1,"minecraft:deepslate_bricks":4,"minecraft:oak_slab":18,"minecraft:cooked_porkchop":13,"minecraft:iron_helmet":1,"minecraft:iron_block":196,"minecraft:diamond_pickaxe":1,"minecraft:chest":9,"minecraft:warped_sign":6,"minecraft:air":0,"minecraft:wheat":90,"minecraft:bucket":1,"minecraft:furnace":2,"minecraft:oak_boat":3,"minecraft:iron_ingot":153,"minecraft:crafter":1,"minecraft:bread":30,"minecraft:crafting_table":5,"minecraft:iron_hoe":1,"minecraft:torch":128,"minecraft:oak_button":85,"minecraft:shield":2,"minecraft:stone_axe":2,"minecraft:oak_planks":216,"minecraft:dropper":1,"minecraft:iron_pickaxe":20,"minecraft:iron_shovel":5,"minecraft:iron_sword":1,"minecraft:polished_deepslate":4,"minecraft:iron_axe":3,"minecraft:iron_leggings":1},"minecraft:used":{"minecraft:stone_axe":198,"minecraft:oak_fence":1,"minecraft:iron_axe":475,"minecraft:shield":49,"minecraft:kelp":137,"minecraft:iron_pickaxe":3488,"minecraft:andesite":6,"minecraft:oak_boat":3,"minecraft:iron_sword":133,"minecraft:deepslate_bricks":4,"minecraft:diamond_pickaxe":1475,"minecraft:cooked_mutton":19,"minecraft:cooked_porkchop":17,"minecraft:granite":6,"minecraft:iron_shovel":948,"minecraft:stone_sword":48,"minecraft:oxeye_daisy":1,"minecraft:diorite":10,"minecraft:oak_slab":23,"minecraft:wooden_pickaxe":19,"minecraft:crafter":2,"minecraft:cobblestone":37,"minecraft:grindstone":1,"minecraft:crafting_table":6,"minecraft:poppy":1,"minecraft:oak_pressure_plate":1,"minecraft:dandelion":2,"minecraft:white_bed":2,"minecraft:stone_pickaxe":131,"minecraft:oak_door":2,"minecraft:cobbled_deepslate":90,"minecraft:netherrack":22,"minecraft:stone_shovel":5,"minecraft:soul_sand":1,"minecraft:furnace":2,"minecraft:bread":52,"minecraft:warped_planks":18,"minecraft:torch":191,"minecraft:dirt":106,"minecraft:iron_boots":1,"minecraft:oak_button":83,"minecraft:gravel":1,"minecraft:oak_stairs":1,"minecraft:bucket":1,"minecraft:chest":10,"minecraft:oak_planks":32,"minecraft:porkchop":1,"minecraft:warped_sign":2,"minecraft:sugar_cane":22}},"DataVersion":4435}