{"stats":{"minecraft:crafted":{"minecraft:stone_shovel":3,"minecraft:hopper":1,"minecraft:stone_pickaxe":4,"minecraft:cooked_mutton":18,"minecraft:stick":116,"minecraft:charcoal":31,"minecraft:wooden_pickaxe":1,"minecraft:oak_slab":6,"minecraft:oak_fence":63,"minecraft:cooked_porkchop":19,"minecraft:chest":4,"minecraft:air":0,"minecraft:wheat":135,"minecraft:bucket":2,"minecraft:furnace":1,"minecraft:oak_boat":3,"minecraft:ladder":12,"minecraft:iron_ingot":1,"minecraft:bread":45,"minecraft:oak_sign":3,"minecraft:crafting_table":4,"minecraft:torch":136,"minecraft:white_bed":4,"minecraft:oak_button":28,"minecraft:oak_trapdoor":4,"minecraft:shield":1,"minecraft:stone_axe":4,"minecraft:oak_planks":212,"minecraft:iron_pickaxe":1},"minecraft:killed":{"minecraft:zombie":3,"minecraft:creeper":1,"minecraft:chicken":2,"minecraft:sheep":13,"minecraft:iron_golem":2,"minecraft:pig":11,"minecraft:spider":2},"minecraft:mined":{"minecraft:torch":4,"minecraft:redstone_ore":4,"minecraft:granite":1,"minecraft:chest":1,"minecraft:coal_ore":18,"minecraft:diorite":14,"minecraft:oak_planks":16,"minecraft:oak_slab":6,"minecraft:cobblestone":59,"minecraft:hay_block":25,"minecraft:sugar_cane":3,"minecraft:white_bed":3,"minecraft:short_grass":102,"minecraft:oak_button":3,"minecraft:oak_wall_sign":1,"minecraft:oak_leaves":9,"minecraft:dirt_path":5,"minecraft:crafting_table":3,"minecraft:stripped_oak_log":12,"minecraft:tall_grass":23,"minecraft:grindstone":2,"minecraft:oak_stairs":2,"minecraft:dirt":93,"minecraft:andesite":6,"minecraft:oak_fence":6,"minecraft:grass_block":223,"minecraft:white_wool":3,"minecraft:ladder":1,"minecraft:wall_torch":3,"minecraft:oak_log":90,"minecraft:yellow_wool":3,"minecraft:stone":250,"minecraft:oak_door":1},"minecraft:custom":{"minecraft:time_since_rest":7413,"minecraft:talked_to_villager":3,"minecraft:leave_game":6,"minecraft:damage_taken":2079,"minecraft:mob_kills":34,"minecraft:boat_one_cm":59555,"minecraft:time_since_death":32778,"minecraft:interact_with_brewingstand":1,"minecraft:interact_with_furnace":40,"minecraft:sleep_in_bed":12,"minecraft:swim_one_cm":8210,"minecraft:total_world_time":129235,"minecraft:crouch_one_cm":6789,"minecraft:deaths":4,"minecraft:climb_one_cm":19447,"minecraft:interact_with_crafting_table":59,"minecraft:walk_one_cm":421947,"minecraft:walk_under_water_one_cm":3892,"minecraft:damage_dealt":5509,"minecraft:play_time":129235,"minecraft:jump":1284,"minecraft:drop":62,"minecraft:bell_ring":1,"minecraft:sprint_one_cm":494778,"minecraft:open_chest":33,"minecraft:fall_one_cm":37608,"minecraft:fly_one_cm":224985,"minecraft:walk_on_water_one_cm":21990,"minecraft:sneak_time":3936,"minecraft:interact_with_grindstone":5},"minecraft:used":{"minecraft:stone_axe":250,"minecraft:oak_trapdoor":4,"minecraft:oak_fence":22,"minecraft:apple":1,"minecraft:iron_pickaxe":8,"minecraft:andesite":6,"minecraft:oak_boat":10,"minecraft:stone_shovel":345,"minecraft:rotten_flesh":2,"minecraft:water_bucket":15,"minecraft:oak_sign":4,"minecraft:ladder":11,"minecraft:furnace":1,"minecraft:cooked_porkchop":7,"minecraft:bread":16,"minecraft:granite":1,"minecraft:torch":34,"minecraft:dirt":69,"minecraft:iron_boots":2,"minecraft:lava_bucket":1,"minecraft:oak_button":39,"minecraft:diorite":2,"minecraft:oak_slab":9,"minecraft:wooden_pickaxe":30,"minecraft:cobblestone":131,"minecraft:hopper":1,"minecraft:grindstone":2,"minecraft:bucket":18,"minecraft:crafting_table":6,"minecraft:chest":4,"minecraft:oak_planks":1,"minecraft:oak_sapling":1,"minecraft:egg":1,"minecraft:white_bed":7,"minecraft:sugar_cane":5,"minecraft:stone_pickaxe":321},"minecraft:picked_up":{"minecraft:cobblestone":453,"minecraft:white_bed":3,"minecraft:stripped_oak_log":12,"minecraft:bucket":1,"minecraft:sugar_cane":5,"minecraft:redstone":17,"minecraft:stone_pickaxe":3,"minecraft:gold_ingot":2,"minecraft:granite":2,"minecraft:porkchop":26,"minecraft:stick":10,"minecraft:oak_trapdoor":1,"minecraft:black_wool":1,"minecraft:chicken":2,"minecraft:cooked_porkchop":17,"minecraft:stone_shovel":1,"minecraft:iron_ingot":20,"minecraft:grindstone":2,"minecraft:hay_block":24,"minecraft:stone_axe":2,"minecraft:dandelion":1,"minecraft:mutton":18,"minecraft:gunpowder":2,"minecraft:chest":1,"minecraft:dirt":614,"minecraft:brown_wool":1,"minecraft:torch":119,"minecraft:bread":18,"minecraft:iron_boots":5,"minecraft:oak_stairs":2,"minecraft:coal":18,"minecraft:oak_log":90,"minecraft:oak_fence":6,"minecraft:wheat_seeds":33,"minecraft:oak_door":1,"minecraft:iron_pickaxe":1,"minecraft:spider_eye":1,"minecraft:egg":2,"minecraft:diorite":27,"minecraft:wooden_pickaxe":1,"minecraft:oak_boat":7,"minecraft:feather":4,"minecraft:white_wool":28,"minecraft:oak_planks":48,"minecraft:crafting_table":3,"minecraft:oak_sapling":3,"minecraft:oak_button":52,"minecraft:andesite":9,"minecraft:rotten_flesh":2,"minecraft:oak_sign":1,"minecraft:apple":1,"minecraft:string":1,"minecraft:yellow_wool":2,"minecraft:oak_slab":8,"minecraft:ladder":3,"minecraft:gray_wool":1},"minecraft:killed_by":{"minecraft:skeleton":1,"minecraft:creeper":1},"minecraft:broken":{"minecraft:stone_shovel":2,"minecraft:stone_axe":1,"minecraft:stone_pickaxe":1},"minecraft:dropped":{"minecraft:cobblestone":15,"minecraft:andesite":1,"minecraft:torch":31,"minecraft:hay_block":9,"minecraft:stone_axe":1,"minecraft:iron_boots":2,"minecraft:stone_pickaxe":2,"minecraft:wooden_pickaxe":1}},"DataVersion":4435}