{"stats":{"minecraft:crafted":{"minecraft:stone_sword":1,"minecraft:stone_shovel":1,"minecraft:stone_pickaxe":1,"minecraft:cooked_mutton":20,"minecraft:stick":52,"minecraft:charcoal":64,"minecraft:wooden_pickaxe":1,"minecraft:oak_slab":18,"minecraft:cooked_porkchop":13,"minecraft:chest":1,"minecraft:air":0,"minecraft:wheat":90,"minecraft:furnace":2,"minecraft:oak_boat":3,"minecraft:iron_ingot":46,"minecraft:bread":30,"minecraft:crafting_table":2,"minecraft:torch":64,"minecraft:shield":1,"minecraft:stone_axe":2,"minecraft:oak_planks":152,"minecraft:iron_pickaxe":2,"minecraft:iron_shovel":1,"minecraft:iron_sword":1,"minecraft:iron_axe":1},"minecraft:killed":{"minecraft:chicken":1,"minecraft:creeper":3,"minecraft:sheep":14,"minecraft:pig":3,"minecraft:villager":1,"minecraft:spider":2},"minecraft:mined":{"minecraft:granite":5,"minecraft:glass_pane":1,"minecraft:cobblestone_stairs":1,"minecraft:chest":1,"minecraft:coal_ore":91,"minecraft:diorite":3,"minecraft:oak_planks":41,"minecraft:oak_slab":3,"minecraft:cobblestone":24,"minecraft:oak_trapdoor":12,"minecraft:white_bed":2,"minecraft:short_grass":15,"minecraft:oak_leaves":4,"minecraft:brewing_stand":2,"minecraft:crafting_table":2,"minecraft:birch_log":7,"minecraft:deepslate_redstone_ore":6,"minecraft:copper_ore":1,"minecraft:tall_grass":1,"minecraft:oak_stairs":44,"minecraft:dirt":4,"minecraft:andesite":7,"minecraft:grass_block":14,"minecraft:cobbled_deepslate":1,"minecraft:deepslate_gold_ore":31,"minecraft:tuff":2,"minecraft:wall_torch":1,"minecraft:deepslate":58,"minecraft:deepslate_lapis_ore":23,"minecraft:deepslate_diamond_ore":5,"minecraft:deepslate_iron_ore":47,"minecraft:oak_log":85,"minecraft:iron_ore":26,"minecraft:stone":49,"minecraft:lapis_ore":7,"minecraft:oak_door":1},"minecraft:custom":{"minecraft:talked_to_villager":1,"minecraft:time_since_rest":9225,"minecraft:leave_game":3,"minecraft:damage_taken":1464,"minecraft:mob_kills":24,"minecraft:boat_one_cm":13791,"minecraft:time_since_death":84186,"minecraft:interact_with_furnace":42,"minecraft:sleep_in_bed":5,"minecraft:total_world_time":96320,"minecraft:swim_one_cm":27103,"minecraft:crouch_one_cm":16554,"minecraft:deaths":2,"minecraft:climb_one_cm":4227,"minecraft:interact_with_crafting_table":21,"minecraft:walk_one_cm":145268,"minecraft:horse_one_cm":1199,"minecraft:walk_under_water_one_cm":1301,"minecraft:play_time":96320,"minecraft:damage_dealt":2795,"minecraft:jump":2247,"minecraft:drop":13,"minecraft:sprint_one_cm":278427,"minecraft:open_chest":52,"minecraft:fall_one_cm":61753,"minecraft:fly_one_cm":459371,"minecraft:walk_on_water_one_cm":10942,"minecraft:sneak_time":7088},"minecraft:used":{"minecraft:stone_axe":198,"minecraft:iron_axe":2,"minecraft:cobbled_deepslate":49,"minecraft:iron_pickaxe":240,"minecraft:andesite":6,"minecraft:oak_boat":2,"minecraft:iron_sword":9,"minecraft:stone_shovel":5,"minecraft:furnace":2,"minecraft:bread":31,"minecraft:granite":6,"minecraft:torch":97,"minecraft:dirt":12,"minecraft:iron_shovel":4,"minecraft:stone_sword":48,"minecraft:oxeye_daisy":1,"minecraft:diorite":7,"minecraft:oak_slab":13,"minecraft:wooden_pickaxe":19,"minecraft:cobblestone":27,"minecraft:crafting_table":3,"minecraft:chest":2,"minecraft:poppy":1,"minecraft:oak_planks":9,"minecraft:porkchop":1,"minecraft:dandelion":1,"minecraft:white_bed":2,"minecraft:stone_pickaxe":131},"minecraft:picked_up":{"minecraft:brewing_stand":2,"minecraft:cobblestone":96,"minecraft:white_bed":2,"minecraft:redstone":26,"minecraft:stone_pickaxe":1,"minecraft:diamond":5,"minecraft:granite":6,"minecraft:porkchop":7,"minecraft:stick":6,"minecraft:oak_trapdoor":12,"minecraft:chicken":1,"minecraft:stone_shovel":1,"minecraft:raw_iron":73,"minecraft:cobbled_deepslate":58,"minecraft:hay_block":20,"minecraft:stone_sword":1,"minecraft:raw_gold":31,"minecraft:stone_axe":1,"minecraft:dandelion":1,"minecraft:mutton":20,"minecraft:chest":1,"minecraft:gunpowder":6,"minecraft:dirt":17,"minecraft:torch":35,"minecraft:cobblestone_stairs":1,"minecraft:iron_boots":2,"minecraft:tuff":4,"minecraft:oxeye_daisy":1,"minecraft:oak_stairs":44,"minecraft:coal":91,"minecraft:oak_log":100,"minecraft:birch_log":14,"minecraft:oak_door":1,"minecraft:wheat_seeds":2,"minecraft:lapis_lazuli":197,"minecraft:spider_eye":2,"minecraft:diorite":9,"minecraft:poppy":3,"minecraft:oak_boat":2,"minecraft:white_wool":14,"minecraft:feather":2,"minecraft:oak_planks":44,"minecraft:crafting_table":3,"minecraft:raw_copper":4,"minecraft:oak_sapling":4,"minecraft:andesite":7,"minecraft:apple":1,"minecraft:string":2,"minecraft:oak_slab":3},"minecraft:broken":{"minecraft:stone_axe":1,"minecraft:stone_pickaxe":1},"minecraft:killed_by":{"minecraft:iron_golem":2},"minecraft:dropped":{"minecraft:poppy":2,"minecraft:stone_shovel":1,"minecraft:wheat_seeds":2,"minecraft:oak_planks":1,"minecraft:andesite":1,"minecraft:stone_sword":1,"minecraft:cobblestone_stairs":1,"minecraft:tuff":4,"minecraft:stone_axe":1,"minecraft:diorite":2}},"DataVersion":4435}