{"stats":{"minecraft:killed":{"minecraft:zombie":5,"minecraft:creeper":3,"minecraft:chicken":2,"minecraft:sheep":13,"minecraft:iron_golem":2,"minecraft:pig":11,"minecraft:spider":3},"minecraft:broken":{"minecraft:stone_shovel":2,"minecraft:stone_axe":1,"minecraft:iron_pickaxe":22,"minecraft:stone_pickaxe":1},"minecraft:custom":{"minecraft:time_since_rest":7139,"minecraft:talked_to_villager":3,"minecraft:leave_game":7,"minecraft:damage_taken":3217,"minecraft:mob_kills":39,"minecraft:boat_one_cm":59555,"minecraft:time_since_death":280892,"minecraft:interact_with_brewingstand":1,"minecraft:interact_with_furnace":45,"minecraft:sleep_in_bed":14,"minecraft:swim_one_cm":66568,"minecraft:total_world_time":377349,"minecraft:crouch_one_cm":43243,"minecraft:deaths":4,"minecraft:climb_one_cm":30133,"minecraft:interact_with_crafting_table":83,"minecraft:walk_one_cm":619324,"minecraft:walk_under_water_one_cm":59262,"minecraft:damage_dealt":6491,"minecraft:play_time":377349,"minecraft:jump":2380,"minecraft:drop":85,"minecraft:bell_ring":1,"minecraft:sprint_one_cm":646853,"minecraft:open_chest":86,"minecraft:fall_one_cm":45895,"minecraft:fly_one_cm":320583,"minecraft:walk_on_water_one_cm":62200,"minecraft:sneak_time":84853,"minecraft:interact_with_grindstone":5},"minecraft:mined":{"minecraft:torch":4,"minecraft:redstone_ore":4,"minecraft:granite":1,"minecraft:chest":1,"minecraft:coal_ore":18,"minecraft:diorite":14,"minecraft:oak_planks":16,"minecraft:oak_slab":6,"minecraft:cobblestone":5762,"minecraft:hay_block":25,"minecraft:sugar_cane":15,"minecraft:oak_trapdoor":1,"minecraft:white_bed":4,"minecraft:gravel":1,"minecraft:short_grass":105,"minecraft:oak_button":3,"minecraft:kelp":2,"minecraft:oak_wall_sign":1,"minecraft:oak_leaves":9,"minecraft:dirt_path":5,"minecraft:crafting_table":4,"minecraft:stripped_oak_log":12,"minecraft:magma_block":4,"minecraft:tall_grass":23,"minecraft:grindstone":2,"minecraft:oak_stairs":2,"minecraft:dirt":120,"minecraft:andesite":6,"minecraft:oak_fence":8,"minecraft:hopper":2,"minecraft:grass_block":252,"minecraft:white_wool":3,"minecraft:ladder":1,"minecraft:wall_torch":3,"minecraft:kelp_plant":1,"minecraft:seagrass":1,"minecraft:cobblestone_slab":7,"minecraft:oak_log":90,"minecraft:yellow_wool":3,"minecraft:stone":257,"minecraft:oak_door":1},"minecraft:picked_up":{"minecraft:cobblestone":1297,"minecraft:white_bed":4,"minecraft:stripped_oak_log":12,"minecraft:bucket":1,"minecraft:sugar_cane":31,"minecraft:redstone":17,"minecraft:water_bucket":1,"minecraft:stone_pickaxe":4,"minecraft:gold_ingot":2,"minecraft:granite":2,"minecraft:porkchop":26,"minecraft:stick":10,"minecraft:oak_trapdoor":1,"minecraft:black_wool":1,"minecraft:chicken":2,"minecraft:cooked_porkchop":17,"minecraft:stone_shovel":1,"minecraft:iron_axe":1,"minecraft:iron_ingot":20,"minecraft:grindstone":2,"minecraft:kelp":8,"minecraft:hay_block":24,"minecraft:stone_axe":3,"minecraft:dandelion":1,"minecraft:mutton":18,"minecraft:gunpowder":4,"minecraft:chest":1,"minecraft:dirt":665,"minecraft:brown_wool":1,"minecraft:magma_block":4,"minecraft:gravel":2,"minecraft:torch":120,"minecraft:bread":19,"minecraft:iron_boots":5,"minecraft:oak_stairs":2,"minecraft:coal":18,"minecraft:oak_log":90,"minecraft:oak_fence":8,"minecraft:wheat_seeds":33,"minecraft:oak_door":1,"minecraft:iron_pickaxe":1,"minecraft:spider_eye":1,"minecraft:egg":2,"minecraft:hopper":2,"minecraft:diorite":27,"minecraft:wooden_pickaxe":1,"minecraft:oak_boat":7,"minecraft:feather":4,"minecraft:white_wool":28,"minecraft:oak_planks":48,"minecraft:crafting_table":4,"minecraft:oak_sapling":3,"minecraft:oak_button":53,"minecraft:andesite":9,"minecraft:rotten_flesh":2,"minecraft:oak_sign":1,"minecraft:apple":1,"minecraft:cobblestone_slab":3,"minecraft:string":3,"minecraft:yellow_wool":2,"minecraft:oak_slab":8,"minecraft:ladder":3,"minecraft:gray_wool":1},"minecraft:killed_by":{"minecraft:skeleton":1,"minecraft:creeper":1},"minecraft:dropped":{"minecraft:oak_button":17,"minecraft:stone_shovel":1,"minecraft:iron_axe":1,"minecraft:cobblestone":20,"minecraft:andesite":1,"minecraft:water_bucket":1,"minecraft:torch":31,"minecraft:hay_block":9,"minecraft:wooden_pickaxe":1,"minecraft:dirt":3,"minecraft:oak_slab":2,"minecraft:bread":1,"minecraft:stone_axe":3,"minecraft:iron_boots":2,"minecraft:iron_pickaxe":1,"minecraft:stone_pickaxe":4},"minecraft:crafted":{"minecraft:stone_shovel":3,"minecraft:hopper":5,"minecraft:stone_pickaxe":4,"minecraft:cooked_mutton":18,"minecraft:iron_chestplate":1,"minecraft:stick":188,"minecraft:charcoal":31,"minecraft:wooden_pickaxe":1,"minecraft:oak_slab":6,"minecraft:oak_fence":63,"minecraft:cooked_porkchop":19,"minecraft:iron_helmet":1,"minecraft:chest":12,"minecraft:air":0,"minecraft:wheat":135,"minecraft:bucket":3,"minecraft:furnace":1,"minecraft:oak_boat":3,"minecraft:ladder":12,"minecraft:iron_ingot":172,"minecraft:bread":45,"minecraft:oak_sign":6,"minecraft:cobblestone_slab":108,"minecraft:crafting_table":4,"minecraft:torch":188,"minecraft:white_bed":4,"minecraft:oak_button":28,"minecraft:oak_trapdoor":4,"minecraft:shield":2,"minecraft:stone_axe":4,"minecraft:oak_planks":212,"minecraft:iron_pickaxe":24,"minecraft:iron_shovel":1,"minecraft:iron_axe":1,"minecraft:iron_leggings":1},"minecraft:used":{"minecraft:stone_axe":253,"minecraft:oak_trapdoor":4,"minecraft:oak_fence":24,"minecraft:iron_axe":15,"minecraft:apple":1,"minecraft:kelp":3,"minecraft:iron_pickaxe":5753,"minecraft:andesite":6,"minecraft:oak_boat":10,"minecraft:stone_shovel":345,"minecraft:rotten_flesh":2,"minecraft:water_bucket":47,"minecraft:oak_sign":6,"minecraft:ladder":11,"minecraft:furnace":1,"minecraft:cooked_porkchop":19,"minecraft:bread":22,"minecraft:granite":1,"minecraft:torch":87,"minecraft:magma_block":3,"minecraft:dirt":96,"minecraft:iron_boots":2,"minecraft:iron_shovel":26,"minecraft:lava_bucket":16,"minecraft:oak_button":42,"minecraft:diorite":2,"minecraft:cobblestone_slab":52,"minecraft:oak_slab":10,"minecraft:wooden_pickaxe":30,"minecraft:gravel":2,"minecraft:cobblestone":692,"minecraft:hopper":7,"minecraft:grindstone":2,"minecraft:bucket":64,"minecraft:crafting_table":8,"minecraft:chest":8,"minecraft:oak_planks":1,"minecraft:oak_sapling":1,"minecraft:egg":1,"minecraft:white_bed":8,"minecraft:sugar_cane":31,"minecraft:stone_pickaxe":322}},"DataVersion":4435}