{"stats":{"minecraft:broken":{"minecraft:iron_axe":1,"minecraft:iron_shovel":3,"minecraft:stone_axe":1,"minecraft:iron_pickaxe":1,"minecraft:stone_pickaxe":1},"minecraft:killed":{"minecraft:creeper":3,"minecraft:chicken":1,"minecraft:enderman":1,"minecraft:sheep":14,"minecraft:iron_golem":3,"minecraft:pig":3,"minecraft:villager":1,"minecraft:spider":4},"minecraft:custom":{"minecraft:time_since_rest":14279,"minecraft:talked_to_villager":1,"minecraft:leave_game":6,"minecraft:damage_taken":2671,"minecraft:mob_kills":30,"minecraft:boat_one_cm":13791,"minecraft:time_since_death":283435,"minecraft:interact_with_furnace":46,"minecraft:sleep_in_bed":12,"minecraft:swim_one_cm":40821,"minecraft:total_world_time":400077,"minecraft:crouch_one_cm":28373,"minecraft:deaths":3,"minecraft:climb_one_cm":32422,"minecraft:damage_blocked_by_shield":1785,"minecraft:interact_with_crafting_table":33,"minecraft:walk_one_cm":284529,"minecraft:horse_one_cm":1199,"minecraft:walk_under_water_one_cm":3781,"minecraft:damage_dealt":4024,"minecraft:play_time":400077,"minecraft:jump":3104,"minecraft:drop":26,"minecraft:sprint_one_cm":443239,"minecraft:open_chest":121,"minecraft:fall_one_cm":74282,"minecraft:fly_one_cm":629386,"minecraft:walk_on_water_one_cm":15064,"minecraft:sneak_time":14283},"minecraft:mined":{"minecraft:torch":4,"minecraft:chest":1,"minecraft:white_terracotta":62,"minecraft:oak_slab":7,"minecraft:carrots":8,"minecraft:short_grass":91,"minecraft:oak_button":3,"minecraft:dirt_path":111,"minecraft:crafting_table":3,"minecraft:birch_log":7,"minecraft:deepslate_redstone_ore":6,"minecraft:stripped_oak_log":52,"minecraft:copper_ore":1,"minecraft:grindstone":1,"minecraft:andesite":7,"minecraft:oak_fence":2,"minecraft:deepslate_gold_ore":31,"minecraft:gold_block":1,"minecraft:wall_torch":3,"minecraft:yellow_bed":2,"minecraft:deepslate_lapis_ore":23,"minecraft:deepslate_diamond_ore":5,"minecraft:deepslate_iron_ore":47,"minecraft:potatoes":5,"minecraft:iron_ore":26,"minecraft:stone":57,"minecraft:beetroots":1,"minecraft:glass_pane":13,"minecraft:granite":5,"minecraft:cobblestone_stairs":1,"minecraft:dandelion":1,"minecraft:coal_ore":95,"minecraft:wheat":9,"minecraft:diorite":16,"minecraft:oak_planks":278,"minecraft:cobblestone":123,"minecraft:oak_trapdoor":12,"minecraft:white_bed":4,"minecraft:oak_leaves":4,"minecraft:brewing_stand":2,"minecraft:tall_grass":4,"minecraft:oak_stairs":151,"minecraft:dirt":11,"minecraft:mossy_cobblestone":16,"minecraft:grass_block":671,"minecraft:cobbled_deepslate":19,"minecraft:tuff":2,"minecraft:deepslate":58,"minecraft:oak_pressure_plate":1,"minecraft:oak_log":85,"minecraft:lapis_ore":7,"minecraft:oak_door":1},"minecraft:picked_up":{"minecraft:carrot":26,"minecraft:brewing_stand":2,"minecraft:cobblestone":224,"minecraft:white_bed":4,"minecraft:stripped_oak_log":68,"minecraft:redstone":26,"minecraft:stone_pickaxe":1,"minecraft:diamond":5,"minecraft:iron_sword":1,"minecraft:granite":6,"minecraft:white_terracotta":62,"minecraft:porkchop":7,"minecraft:oak_pressure_plate":1,"minecraft:stick":7,"minecraft:oak_trapdoor":12,"minecraft:chicken":1,"minecraft:gold_block":1,"minecraft:cooked_porkchop":1,"minecraft:stone_shovel":1,"minecraft:iron_axe":1,"minecraft:iron_ingot":8,"minecraft:grindstone":1,"minecraft:raw_iron":73,"minecraft:cobbled_deepslate":85,"minecraft:hay_block":20,"minecraft:raw_gold":31,"minecraft:stone_sword":1,"minecraft:stone_axe":1,"minecraft:mossy_cobblestone":16,"minecraft:dandelion":3,"minecraft:wheat":10,"minecraft:mutton":20,"minecraft:gunpowder":12,"minecraft:chest":1,"minecraft:beetroot":1,"minecraft:yellow_bed":2,"minecraft:dirt":788,"minecraft:iron_shovel":1,"minecraft:torch":61,"minecraft:cobblestone_stairs":1,"minecraft:tuff":4,"minecraft:iron_boots":6,"minecraft:oxeye_daisy":2,"minecraft:oak_stairs":150,"minecraft:coal":95,"minecraft:oak_log":100,"minecraft:potato":16,"minecraft:oak_fence":2,"minecraft:birch_log":14,"minecraft:wheat_seeds":43,"minecraft:oak_door":5,"minecraft:shield":2,"minecraft:lapis_lazuli":197,"minecraft:iron_pickaxe":1,"minecraft:spider_eye":3,"minecraft:diorite":31,"minecraft:poppy":7,"minecraft:oak_boat":9,"minecraft:feather":2,"minecraft:white_wool":14,"minecraft:oak_planks":280,"minecraft:crafting_table":4,"minecraft:raw_copper":4,"minecraft:oak_sapling":4,"minecraft:oak_button":3,"minecraft:andesite":7,"minecraft:beetroot_seeds":2,"minecraft:apple":1,"minecraft:ender_pearl":1,"minecraft:string":5,"minecraft:oak_slab":6,"minecraft:cornflower":1},"minecraft:killed_by":{"minecraft:enderman":1,"minecraft:iron_golem":2},"minecraft:dropped":{"minecraft:stone_shovel":1,"minecraft:oak_planks":1,"minecraft:andesite":1,"minecraft:stone_sword":1,"minecraft:cobblestone_stairs":1,"minecraft:oak_boat":4,"minecraft:tuff":4,"minecraft:bone":2,"minecraft:poppy":50,"minecraft:arrow":2,"minecraft:wheat_seeds":4,"minecraft:stone_axe":1,"minecraft:iron_boots":3,"minecraft:shield":1,"minecraft:diorite":2},"minecraft:crafted":{"minecraft:stone_sword":1,"minecraft:stone_shovel":1,"minecraft:gold_ingot":31,"minecraft:stone_pickaxe":1,"minecraft:cooked_mutton":20,"minecraft:iron_chestplate":1,"minecraft:stick":72,"minecraft:charcoal":64,"minecraft:wooden_pickaxe":1,"minecraft:oak_slab":18,"minecraft:cooked_porkchop":13,"minecraft:iron_helmet":1,"minecraft:iron_block":87,"minecraft:chest":3,"minecraft:air":0,"minecraft:wheat":90,"minecraft:bucket":1,"minecraft:furnace":2,"minecraft:oak_boat":3,"minecraft:iron_ingot":108,"minecraft:bread":30,"minecraft:crafting_table":3,"minecraft:iron_hoe":1,"minecraft:torch":64,"minecraft:oak_button":85,"minecraft:shield":1,"minecraft:stone_axe":2,"minecraft:oak_planks":216,"minecraft:iron_pickaxe":4,"minecraft:iron_shovel":5,"minecraft:iron_sword":1,"minecraft:iron_axe":3,"minecraft:iron_leggings":1},"minecraft:used":{"minecraft:stone_axe":198,"minecraft:oak_fence":1,"minecraft:iron_axe":417,"minecraft:cobbled_deepslate":49,"minecraft:shield":30,"minecraft:iron_pickaxe":476,"minecraft:andesite":6,"minecraft:oak_boat":3,"minecraft:iron_sword":25,"minecraft:stone_shovel":5,"minecraft:furnace":2,"minecraft:cooked_porkchop":11,"minecraft:bread":35,"minecraft:granite":6,"minecraft:torch":125,"minecraft:dirt":106,"minecraft:iron_boots":1,"minecraft:iron_shovel":827,"minecraft:stone_sword":48,"minecraft:oxeye_daisy":1,"minecraft:oak_button":83,"minecraft:diorite":10,"minecraft:oak_slab":23,"minecraft:wooden_pickaxe":19,"minecraft:cobblestone":32,"minecraft:oak_stairs":1,"minecraft:grindstone":1,"minecraft:bucket":1,"minecraft:crafting_table":5,"minecraft:chest":4,"minecraft:poppy":1,"minecraft:oak_pressure_plate":1,"minecraft:oak_planks":32,"minecraft:porkchop":1,"minecraft:dandelion":2,"minecraft:white_bed":2,"minecraft:stone_pickaxe":131}},"DataVersion":4435}