{"stats":{"minecraft:killed":{"minecraft:zombie":3,"minecraft:skeleton":4,"minecraft:creeper":3,"minecraft:chicken":1,"minecraft:enderman":4,"minecraft:sheep":14,"minecraft:iron_golem":3,"minecraft:pig":3,"minecraft:villager":1,"minecraft:spider":4},"minecraft:dropped":{"minecraft:rotten_flesh":5,"minecraft:stone_shovel":1,"minecraft:oak_planks":1,"minecraft:andesite":1,"minecraft:stone_sword":1,"minecraft:cornflower":1,"minecraft:cobblestone_stairs":1,"minecraft:oak_boat":4,"minecraft:oxeye_daisy":1,"minecraft:tuff":4,"minecraft:dandelion":2,"minecraft:bone":2,"minecraft:dirt":4,"minecraft:poppy":50,"minecraft:arrow":2,"minecraft:wheat_seeds":12,"minecraft:stone_axe":1,"minecraft:iron_boots":3,"minecraft:iron_pickaxe":1,"minecraft:shield":1,"minecraft:diorite":2},"minecraft:crafted":{"minecraft:stone_sword":1,"minecraft:stone_shovel":1,"minecraft:gold_ingot":40,"minecraft:stone_pickaxe":1,"minecraft:cooked_mutton":20,"minecraft:iron_chestplate":1,"minecraft:stick":124,"minecraft:charcoal":64,"minecraft:wooden_pickaxe":1,"minecraft:deepslate_bricks":4,"minecraft:oak_slab":18,"minecraft:cooked_porkchop":13,"minecraft:iron_helmet":1,"minecraft:iron_block":151,"minecraft:diamond_pickaxe":1,"minecraft:chest":3,"minecraft:air":0,"minecraft:wheat":90,"minecraft:bucket":1,"minecraft:furnace":2,"minecraft:oak_boat":3,"minecraft:iron_ingot":108,"minecraft:bread":30,"minecraft:crafting_table":3,"minecraft:iron_hoe":1,"minecraft:torch":128,"minecraft:oak_button":85,"minecraft:shield":1,"minecraft:stone_axe":2,"minecraft:oak_planks":216,"minecraft:iron_pickaxe":20,"minecraft:iron_shovel":5,"minecraft:iron_sword":1,"minecraft:polished_deepslate":4,"minecraft:iron_axe":3,"minecraft:iron_leggings":1},"minecraft:killed_by":{"minecraft:enderman":2,"minecraft:iron_golem":2},"minecraft:mined":{"minecraft:torch":6,"minecraft:chest":1,"minecraft:white_terracotta":62,"minecraft:oak_slab":7,"minecraft:carrots":8,"minecraft:short_grass":124,"minecraft:oak_button":3,"minecraft:dirt_path":111,"minecraft:crafting_table":3,"minecraft:birch_log":7,"minecraft:deepslate_redstone_ore":27,"minecraft:stripped_oak_log":52,"minecraft:obsidian":1,"minecraft:copper_ore":1,"minecraft:grindstone":1,"minecraft:andesite":7,"minecraft:oak_fence":2,"minecraft:deepslate_gold_ore":32,"minecraft:gold_block":1,"minecraft:wall_torch":3,"minecraft:yellow_bed":2,"minecraft:deepslate_lapis_ore":23,"minecraft:deepslate_diamond_ore":9,"minecraft:deepslate_iron_ore":63,"minecraft:potatoes":5,"minecraft:iron_ore":26,"minecraft:stone":57,"minecraft:beetroots":1,"minecraft:glass_pane":13,"minecraft:granite":5,"minecraft:cobblestone_stairs":1,"minecraft:bush":2,"minecraft:dandelion":1,"minecraft:coal_ore":95,"minecraft:wheat":9,"minecraft:diorite":16,"minecraft:oak_planks":278,"minecraft:cobblestone":2573,"minecraft:oak_trapdoor":12,"minecraft:white_bed":4,"minecraft:oak_leaves":4,"minecraft:brewing_stand":2,"minecraft:tall_grass":6,"minecraft:oak_stairs":151,"minecraft:dirt":11,"minecraft:mossy_cobblestone":16,"minecraft:grass_block":675,"minecraft:cobbled_deepslate":22,"minecraft:tuff":2,"minecraft:deepslate":128,"minecraft:oak_pressure_plate":1,"minecraft:oak_log":85,"minecraft:lapis_ore":7,"minecraft:oak_door":2},"minecraft:broken":{"minecraft:iron_axe":1,"minecraft:shield":1,"minecraft:iron_shovel":3,"minecraft:stone_axe":1,"minecraft:iron_pickaxe":5,"minecraft:stone_pickaxe":1},"minecraft:custom":{"minecraft:time_since_rest":63807,"minecraft:talked_to_villager":1,"minecraft:leave_game":6,"minecraft:damage_taken":3710,"minecraft:mob_kills":40,"minecraft:boat_one_cm":13791,"minecraft:time_since_death":81340,"minecraft:interact_with_furnace":57,"minecraft:sleep_in_bed":15,"minecraft:swim_one_cm":61113,"minecraft:total_world_time":496077,"minecraft:crouch_one_cm":29863,"minecraft:deaths":4,"minecraft:climb_one_cm":34050,"minecraft:damage_blocked_by_shield":3045,"minecraft:interact_with_crafting_table":40,"minecraft:walk_one_cm":340542,"minecraft:horse_one_cm":1199,"minecraft:walk_under_water_one_cm":6894,"minecraft:damage_dealt":6637,"minecraft:play_time":496077,"minecraft:jump":3950,"minecraft:drop":37,"minecraft:sprint_one_cm":537148,"minecraft:open_chest":169,"minecraft:fall_one_cm":100536,"minecraft:fly_one_cm":793341,"minecraft:walk_on_water_one_cm":18413,"minecraft:sneak_time":15979},"minecraft:used":{"minecraft:stone_axe":198,"minecraft:oak_fence":1,"minecraft:iron_axe":421,"minecraft:cobbled_deepslate":90,"minecraft:shield":49,"minecraft:iron_pickaxe":1570,"minecraft:andesite":6,"minecraft:oak_boat":3,"minecraft:iron_sword":70,"minecraft:stone_shovel":5,"minecraft:deepslate_bricks":4,"minecraft:diamond_pickaxe":1475,"minecraft:cooked_mutton":11,"minecraft:furnace":2,"minecraft:cooked_porkchop":13,"minecraft:bread":35,"minecraft:granite":6,"minecraft:torch":191,"minecraft:dirt":106,"minecraft:iron_boots":1,"minecraft:iron_shovel":827,"minecraft:stone_sword":48,"minecraft:oxeye_daisy":1,"minecraft:oak_button":83,"minecraft:diorite":10,"minecraft:oak_slab":23,"minecraft:wooden_pickaxe":19,"minecraft:cobblestone":35,"minecraft:oak_stairs":1,"minecraft:grindstone":1,"minecraft:bucket":1,"minecraft:crafting_table":5,"minecraft:chest":4,"minecraft:poppy":1,"minecraft:oak_pressure_plate":1,"minecraft:oak_planks":32,"minecraft:porkchop":1,"minecraft:dandelion":2,"minecraft:white_bed":2,"minecraft:stone_pickaxe":131,"minecraft:oak_door":2},"minecraft:picked_up":{"minecraft:carrot":26,"minecraft:brewing_stand":2,"minecraft:cobblestone":281,"minecraft:white_bed":4,"minecraft:stripped_oak_log":68,"minecraft:bone":6,"minecraft:redstone":124,"minecraft:water_bucket":1,"minecraft:stone_pickaxe":1,"minecraft:cooked_mutton":18,"minecraft:diamond":9,"minecraft:iron_sword":2,"minecraft:granite":6,"minecraft:white_terracotta":62,"minecraft:porkchop":7,"minecraft:oak_pressure_plate":1,"minecraft:stick":11,"minecraft:oak_trapdoor":12,"minecraft:chicken":1,"minecraft:charcoal":1,"minecraft:gold_block":1,"minecraft:cooked_porkchop":1,"minecraft:stone_shovel":1,"minecraft:arrow":4,"minecraft:iron_axe":3,"minecraft:iron_ingot":62,"minecraft:grindstone":1,"minecraft:raw_iron":89,"minecraft:cobbled_deepslate":176,"minecraft:hay_block":20,"minecraft:raw_gold":32,"minecraft:stone_sword":1,"minecraft:stone_axe":1,"minecraft:mossy_cobblestone":16,"minecraft:dandelion":3,"minecraft:wheat":10,"minecraft:mutton":20,"minecraft:gunpowder":12,"minecraft:chest":1,"minecraft:iron_chestplate":1,"minecraft:beetroot":1,"minecraft:yellow_bed":2,"minecraft:dirt":792,"minecraft:iron_shovel":3,"minecraft:torch":127,"minecraft:diamond_pickaxe":1,"minecraft:cobblestone_stairs":1,"minecraft:tuff":4,"minecraft:iron_boots":7,"minecraft:oxeye_daisy":2,"minecraft:oak_stairs":150,"minecraft:coal":95,"minecraft:oak_log":100,"minecraft:potato":17,"minecraft:oak_fence":2,"minecraft:birch_log":14,"minecraft:wheat_seeds":46,"minecraft:oak_door":6,"minecraft:shield":2,"minecraft:lapis_lazuli":197,"minecraft:iron_pickaxe":3,"minecraft:spider_eye":3,"minecraft:iron_leggings":1,"minecraft:diorite":31,"minecraft:poppy":7,"minecraft:oak_boat":9,"minecraft:feather":2,"minecraft:white_wool":14,"minecraft:oak_planks":280,"minecraft:flint_and_steel":1,"minecraft:crafting_table":4,"minecraft:raw_copper":4,"minecraft:oak_sapling":4,"minecraft:oak_button":3,"minecraft:andesite":7,"minecraft:rotten_flesh":5,"minecraft:beetroot_seeds":2,"minecraft:apple":1,"minecraft:ender_pearl":3,"minecraft:string":5,"minecraft:obsidian":1,"minecraft:oak_slab":6,"minecraft:cornflower":1,"minecraft:iron_helmet":1}},"DataVersion":4435}