{"stats":{"minecraft:custom":{"minecraft:interact_with_crafting_table":1,"minecraft:time_since_rest":5209,"minecraft:walk_one_cm":9954,"minecraft:leave_game":2,"minecraft:walk_under_water_one_cm":944,"minecraft:boat_one_cm":54841,"minecraft:play_time":5209,"minecraft:jump":41,"minecraft:time_since_death":5209,"minecraft:sprint_one_cm":12094,"minecraft:open_chest":1,"minecraft:fall_one_cm":750,"minecraft:swim_one_cm":8210,"minecraft:total_world_time":5209,"minecraft:fly_one_cm":8481,"minecraft:walk_on_water_one_cm":492,"minecraft:sneak_time":4},"minecraft:picked_up":{"minecraft:oak_log":4,"minecraft:sugar_cane":5},"minecraft:crafted":{"minecraft:oak_boat":1,"minecraft:oak_planks":16,"minecraft:crafting_table":1},"minecraft:mined":{"minecraft:oak_log":4,"minecraft:sugar_cane":3},"minecraft:used":{"minecraft:crafting_table":1,"minecraft:sugar_cane":5,"minecraft:oak_boat":1}},"DataVersion":4435}