{"stats":{"minecraft:killed":{"minecraft:zombie":4,"minecraft:zombified_piglin":1,"minecraft:skeleton":6,"minecraft:creeper":3,"minecraft:chicken":2,"minecraft:enderman":8,"minecraft:sheep":14,"minecraft:iron_golem":3,"minecraft:pig":3,"minecraft:piglin":3,"minecraft:villager":1,"minecraft:spider":5},"minecraft:dropped":{"minecraft:rotten_flesh":8,"minecraft:stone_shovel":1,"minecraft:iron_shovel":1,"minecraft:oak_planks":1,"minecraft:andesite":5,"minecraft:stone_sword":1,"minecraft:cornflower":1,"minecraft:cobblestone_stairs":4,"minecraft:oak_boat":4,"minecraft:oxeye_daisy":1,"minecraft:tuff":4,"minecraft:dandelion":3,"minecraft:bone":2,"minecraft:dirt":4,"minecraft:poppy":519,"minecraft:arrow":2,"minecraft:wheat_seeds":12,"minecraft:stone_axe":1,"minecraft:iron_boots":3,"minecraft:iron_pickaxe":1,"minecraft:shield":1,"minecraft:azure_bluet":1,"minecraft:diorite":2},"minecraft:crafted":{"minecraft:stone_sword":1,"minecraft:stone_shovel":1,"minecraft:birch_planks":28,"minecraft:gold_ingot":40,"minecraft:stone_pickaxe":1,"minecraft:warped_planks":92,"minecraft:cooked_mutton":26,"minecraft:iron_chestplate":1,"minecraft:stick":148,"minecraft:charcoal":64,"minecraft:wooden_pickaxe":1,"minecraft:deepslate_bricks":4,"minecraft:oak_slab":18,"minecraft:cooked_porkchop":13,"minecraft:iron_helmet":1,"minecraft:iron_block":231,"minecraft:diamond_pickaxe":1,"minecraft:chest":9,"minecraft:warped_sign":6,"minecraft:air":0,"minecraft:wheat":90,"minecraft:bucket":1,"minecraft:furnace":2,"minecraft:oak_boat":3,"minecraft:iron_ingot":153,"minecraft:crafter":1,"minecraft:bread":30,"minecraft:crafting_table":6,"minecraft:iron_hoe":4,"minecraft:torch":128,"minecraft:oak_button":85,"minecraft:birch_slab":6,"minecraft:shield":2,"minecraft:stone_axe":2,"minecraft:oak_planks":216,"minecraft:dropper":1,"minecraft:iron_pickaxe":20,"minecraft:iron_shovel":5,"minecraft:iron_sword":1,"minecraft:polished_deepslate":4,"minecraft:iron_axe":3,"minecraft:iron_leggings":1},"minecraft:killed_by":{"minecraft:creeper":1,"minecraft:enderman":2,"minecraft:iron_golem":2},"minecraft:mined":{"minecraft:torch":11,"minecraft:mangrove_roots":17,"minecraft:nether_quartz_ore":63,"minecraft:chest":1,"minecraft:vine":8,"minecraft:netherrack":60,"minecraft:white_terracotta":62,"minecraft:oak_slab":8,"minecraft:carrots":8,"minecraft:warped_planks":8,"minecraft:gravel":1,"minecraft:short_grass":315,"minecraft:oak_button":3,"minecraft:brown_mushroom":27,"minecraft:dirt_path":208,"minecraft:crafter":1,"minecraft:crafting_table":3,"minecraft:birch_log":7,"minecraft:deepslate_redstone_ore":27,"minecraft:stripped_oak_log":52,"minecraft:magma_block":9,"minecraft:obsidian":1,"minecraft:farmland":2,"minecraft:copper_ore":1,"minecraft:grindstone":1,"minecraft:deepslate_bricks":1,"minecraft:andesite":11,"minecraft:oak_fence":2,"minecraft:deepslate_gold_ore":32,"minecraft:gold_block":1,"minecraft:wall_torch":4,"minecraft:yellow_bed":2,"minecraft:fire":96,"minecraft:kelp_plant":45,"minecraft:deepslate_lapis_ore":23,"minecraft:deepslate_diamond_ore":9,"minecraft:potatoes":5,"minecraft:deepslate_iron_ore":63,"minecraft:warped_stem":41,"minecraft:iron_ore":26,"minecraft:stone":57,"minecraft:beetroots":1,"minecraft:glass_pane":13,"minecraft:granite":5,"minecraft:cobblestone_stairs":4,"minecraft:bush":2,"minecraft:dandelion":1,"minecraft:coal_ore":95,"minecraft:wheat":17,"minecraft:diorite":16,"minecraft:oak_planks":312,"minecraft:cobblestone":4344,"minecraft:sugar_cane":223,"minecraft:oak_trapdoor":12,"minecraft:white_bed":4,"minecraft:kelp":1,"minecraft:mangrove_leaves":257,"minecraft:shroomlight":1,"minecraft:oak_leaves":4,"minecraft:brewing_stand":2,"minecraft:soul_sand":67,"minecraft:soul_soil":33,"minecraft:tall_grass":12,"minecraft:tall_seagrass":1,"minecraft:oak_stairs":151,"minecraft:dirt":56,"minecraft:mossy_cobblestone":16,"minecraft:mangrove_log":29,"minecraft:grass_block":839,"minecraft:cobbled_deepslate":22,"minecraft:tuff":2,"minecraft:deepslate":128,"minecraft:seagrass":2,"minecraft:oak_pressure_plate":2,"minecraft:oak_log":85,"minecraft:lapis_ore":7,"minecraft:oak_door":2},"minecraft:broken":{"minecraft:iron_hoe":2,"minecraft:iron_axe":1,"minecraft:shield":1,"minecraft:iron_shovel":4,"minecraft:stone_axe":1,"minecraft:iron_pickaxe":13,"minecraft:stone_pickaxe":1},"minecraft:custom":{"minecraft:time_since_rest":40552,"minecraft:talked_to_villager":1,"minecraft:leave_game":8,"minecraft:damage_taken":6372,"minecraft:mob_kills":53,"minecraft:boat_one_cm":13791,"minecraft:time_since_death":133904,"minecraft:interact_with_furnace":62,"minecraft:sleep_in_bed":19,"minecraft:swim_one_cm":168636,"minecraft:total_world_time":758193,"minecraft:crouch_one_cm":40239,"minecraft:deaths":6,"minecraft:climb_one_cm":47556,"minecraft:animals_bred":3,"minecraft:damage_blocked_by_shield":3045,"minecraft:interact_with_crafting_table":55,"minecraft:walk_one_cm":626220,"minecraft:horse_one_cm":1199,"minecraft:walk_under_water_one_cm":46721,"minecraft:damage_dealt":9760,"minecraft:play_time":758193,"minecraft:jump":5620,"minecraft:drop":55,"minecraft:sprint_one_cm":884061,"minecraft:open_chest":327,"minecraft:fall_one_cm":139553,"minecraft:fly_one_cm":1144626,"minecraft:walk_on_water_one_cm":43833,"minecraft:sneak_time":19370},"minecraft:used":{"minecraft:stone_axe":198,"minecraft:oak_fence":49,"minecraft:iron_axe":556,"minecraft:shield":49,"minecraft:kelp":137,"minecraft:birch_slab":6,"minecraft:iron_pickaxe":3497,"minecraft:andesite":6,"minecraft:potato":17,"minecraft:oak_boat":3,"minecraft:iron_sword":136,"minecraft:wheat_seeds":90,"minecraft:deepslate_bricks":4,"minecraft:diamond_pickaxe":1475,"minecraft:cooked_mutton":25,"minecraft:cooked_porkchop":17,"minecraft:granite":6,"minecraft:iron_shovel":1243,"minecraft:stone_sword":48,"minecraft:oxeye_daisy":1,"minecraft:diorite":10,"minecraft:oak_slab":23,"minecraft:wooden_pickaxe":19,"minecraft:crafter":2,"minecraft:cobblestone":37,"minecraft:grindstone":1,"minecraft:carrot":28,"minecraft:crafting_table":7,"minecraft:poppy":1,"minecraft:oak_pressure_plate":1,"minecraft:dandelion":2,"minecraft:white_bed":2,"minecraft:stone_pickaxe":131,"minecraft:oak_door":2,"minecraft:cobbled_deepslate":90,"minecraft:mangrove_roots":8,"minecraft:netherrack":22,"minecraft:moss_carpet":1,"minecraft:stone_shovel":5,"minecraft:birch_planks":1,"minecraft:iron_hoe":747,"minecraft:water_bucket":6,"minecraft:soul_sand":1,"minecraft:furnace":2,"minecraft:bread":52,"minecraft:warped_planks":26,"minecraft:torch":201,"minecraft:dirt":411,"minecraft:iron_boots":1,"minecraft:oak_button":83,"minecraft:gravel":1,"minecraft:oak_stairs":1,"minecraft:bucket":6,"minecraft:chest":10,"minecraft:mangrove_propagule":2,"minecraft:oak_planks":32,"minecraft:porkchop":1,"minecraft:warped_sign":2,"minecraft:egg":2,"minecraft:sugar_cane":22},"minecraft:picked_up":{"minecraft:brewing_stand":2,"minecraft:cobblestone":328,"minecraft:sugar_cane":454,"minecraft:bone":8,"minecraft:redstone":124,"minecraft:cooked_mutton":18,"minecraft:diamond":9,"minecraft:iron_sword":4,"minecraft:granite":6,"minecraft:white_terracotta":62,"minecraft:shroomlight":1,"minecraft:charcoal":45,"minecraft:gold_block":1,"minecraft:stone_shovel":1,"minecraft:arrow":7,"minecraft:iron_ingot":148,"minecraft:hay_block":20,"minecraft:raw_gold":32,"minecraft:stone_sword":1,"minecraft:dandelion":4,"minecraft:deepslate_bricks":1,"minecraft:mutton":20,"minecraft:iron_chestplate":3,"minecraft:beetroot":1,"minecraft:dirt":1099,"minecraft:iron_shovel":8,"minecraft:torch":137,"minecraft:azure_bluet":1,"minecraft:diamond_pickaxe":1,"minecraft:cobblestone_stairs":4,"minecraft:iron_boots":9,"minecraft:oxeye_daisy":2,"minecraft:oak_stairs":150,"minecraft:coal":95,"minecraft:oak_log":100,"minecraft:oak_fence":2,"minecraft:wheat_seeds":95,"minecraft:oak_door":6,"minecraft:iron_pickaxe":5,"minecraft:quartz":63,"minecraft:egg":2,"minecraft:iron_leggings":3,"minecraft:poppy":7,"minecraft:feather":2,"minecraft:white_wool":14,"minecraft:mangrove_propagule":2,"minecraft:warped_nylium":2,"minecraft:oak_button":3,"minecraft:andesite":11,"minecraft:warped_planks":8,"minecraft:beetroot_seeds":2,"minecraft:ender_pearl":5,"minecraft:string":8,"minecraft:obsidian":1,"minecraft:cornflower":1,"minecraft:iron_helmet":3,"minecraft:soul_sand":85,"minecraft:carrot":26,"minecraft:mangrove_roots":16,"minecraft:soul_soil":33,"minecraft:mangrove_log":29,"minecraft:white_bed":4,"minecraft:stripped_oak_log":68,"minecraft:brown_mushroom":27,"minecraft:water_bucket":3,"minecraft:stone_pickaxe":1,"minecraft:moss_carpet":1,"minecraft:porkchop":7,"minecraft:oak_pressure_plate":2,"minecraft:stick":25,"minecraft:oak_trapdoor":12,"minecraft:bamboo":291,"minecraft:chicken":2,"minecraft:cooked_porkchop":5,"minecraft:iron_axe":7,"minecraft:grindstone":1,"minecraft:kelp":1377,"minecraft:raw_iron":89,"minecraft:cobbled_deepslate":176,"minecraft:stone_axe":1,"minecraft:mossy_cobblestone":16,"minecraft:wheat":18,"minecraft:gunpowder":12,"minecraft:chest":1,"minecraft:yellow_bed":2,"minecraft:netherrack":57,"minecraft:magma_block":29,"minecraft:gravel":3,"minecraft:tuff":4,"minecraft:potato":17,"minecraft:birch_log":14,"minecraft:shield":4,"minecraft:lapis_lazuli":197,"minecraft:spider_eye":3,"minecraft:diorite":31,"minecraft:oak_boat":9,"minecraft:oak_planks":314,"minecraft:flint_and_steel":1,"minecraft:crafting_table":4,"minecraft:raw_copper":4,"minecraft:oak_sapling":4,"minecraft:warped_stem":115,"minecraft:rotten_flesh":8,"minecraft:apple":1,"minecraft:crafter":1,"minecraft:oak_slab":6}},"DataVersion":4435}